Source,Target,duracion,explicito,visitas,fecha_publicacion
0,16,256,False,16077781,2022/12/15,PLAYA DEL INGL√âS
1,30,256,False,66909458,2022/11/30,La jumpa
0,11,204,False,416961575,2022/07/06,"Quevedo: Bzrp Music Sessions, Vol. 52"
2,320,213,False,8642272,2022/11/24,Patio de la C√°rcel (Tangos - Official Video)
3,321,188,False,29734716,2022/06/16,LAS 12
4,322,163,False,27184301,2022/06/02,mariposas
5,321,224,False,20854825,2022/05/12,Quiero Decirte (Official Video)
6,15,247,False,15671405,2022/09/01,SI ELLA SUPIERA (Video Oficial)
7,323,214,False,93218536,2022/09/24,PUNTO 40
8,47,185,False,158063484,2022/10/19,Monoton√≠a
9,324,229,False,30345689,2022/07/21,Quieres
9,4,229,False,30345689,2022/07/21,Quieres
0,325,193,False,32282092,2022/07/21,Sin Se√±al
10,326,222,False,259086847,2022/08/25,GAT√öBELA
8,7,196,False,440165993,2022/04/21,Te Felicito
11,18,232,False,57644197,2022/11/16,"Bzrp Music Sessions, Vol. 50"
12,30,257,False,19709400,2022/12/22,Gato de Noche
10,325,216,False,81260358,2022/11/13,Cairo
13,62,219,False,14167087,2022/12/20,Yandel 150
14,320,232,False,23567666,2022/06/23,La Llama del Amor (Rumba - Official Video)
14,327,232,False,23567666,2022/06/23,La Llama del Amor (Rumba - Official Video)
15,328,252,False,3446044,2022/11/17,5 SENT√çOS (Video Oficial)
16,77,225,False,39776691,2022/07/14,Traductor
7,329,207,False,98550069,2022/07/25,LOKERA
7,330,207,False,98550069,2022/07/25,LOKERA
0,41,200,False,8200199,2022/11/03,APA
17,331,240,False,222757442,2022/09/07,Calm Down
0,332,150,False,53980637,2021/12/10,Ahora y Siempre
18,333,249,False,31652176,2022/12/15,Marisola (Remix) (feat. Standly & Stars Music Chile)
18,334,249,False,31652176,2022/12/15,Marisola (Remix) (feat. Standly & Stars Music Chile)
19,335,195,False,1030431,2022/12/08,KDERONA
19,336,195,False,1030431,2022/12/08,KDERONA
0,337,199,False,2849330,2022/12/01,Real G (Video Oficial)
20,338,177,False,20770507,2022/08/25,DISCOTEKA (Official Video)
21,339,253,False,4995875,2022/09/01,Muchoperro
21,340,253,False,4995875,2022/09/01,Muchoperro
0,41,275,False,8537822,2022/11/24,LACONE
0,341,275,False,8537822,2022/11/24,LACONE
22,342,170,False,79528556,2022/10/27,Miss You
23,343,178,False,92368154,2022/09/20,I'm Good (Blue)
24,7,188,False,8836392,2022/12/27,RON COLA
25,344,370,False,33100848,2022/10/07,"34 AMOR Y MAFIA [REMIX] (feat. El Jincho, Camin, Harry Nach & Pedro Calderon)"
25,345,370,False,33100848,2022/10/07,"34 AMOR Y MAFIA [REMIX] (feat. El Jincho, Camin, Harry Nach & Pedro Calderon)"
26,169,266,False,26321641,2022/09/02,El Pa√±uelo (Official Video)
27,18,188,False,10039598,2022/09/08,Pantera
28,320,200,False,4655697,2022/10/06,Una y Mil Veces (Official Video)
29,346,221,False,14957433,2022/11/08,DURO (feat. Jenny La Sexy Voz)
29,347,221,False,14957433,2022/11/08,DURO (feat. Jenny La Sexy Voz)
30,348,259,False,227209988,2022/05/06,Ojitos Lindos
31,349,214,False,600299,2022/12/22,Chocolate con Pan (feat. Big Lois & Israel Amador)
31,350,214,False,600299,2022/12/22,Chocolate con Pan (feat. Big Lois & Israel Amador)
8,47,167,False,27445092,2022/10/29,Monoton√≠a
32,67,240,False,59900274,2022/07/18,Los Cachos
33,351,220,False,4378659,2022/09/01,Diablo
34,352,268,False,928525,2022/12/15,Te echo de menos
34,353,268,False,928525,2022/12/15,Te echo de menos
35,34,217,False,1847381,2022/11/21,Mi Coraz√≥n Es M√≠o
16,145,194,False,7033015,2022/11/24,ULALA (OOH LA LA)
36,354,183,False,7753487,2022/08/19,Cero (Remix)
36,355,183,False,7753487,2022/08/19,Cero (Remix)
13,62,219,False,14167087,2022/12/20,Yandel 150
12,30,257,False,19709400,2022/12/22,Gato de Noche
24,7,188,False,8836392,2022/12/27,RON COLA
29,356,296,False,16492116,2022/12/08,La M√°quina
29,46,296,False,16492116,2022/12/08,La M√°quina
29,223,296,False,16492116,2022/12/08,La M√°quina
10,326,222,False,259086847,2022/08/25,GAT√öBELA
37,357,150,False,748280,2023/01/06,B√°jala
18,333,249,False,31652176,2022/12/15,Marisola (Remix) (feat. Standly & Stars Music Chile)
18,334,249,False,31652176,2022/12/15,Marisola (Remix) (feat. Standly & Stars Music Chile)
7,323,214,False,93218536,2022/09/24,PUNTO 40
38,62,231,False,19279339,2022/10/20,En La De Ella
38,70,231,False,19279339,2022/10/20,En La De Ella
39,356,227,False,7322547,2022/12/15,Si Te Pillo
40,358,228,False,42374043,2021/04/23,Mini Mini
7,329,207,False,98550069,2022/07/25,LOKERA
7,330,207,False,98550069,2022/07/25,LOKERA
13,77,173,False,4183760,2022/12/01,Delincuente
29,346,221,False,14957433,2022/11/08,DURO (feat. Jenny La Sexy Voz)
29,347,221,False,14957433,2022/11/08,DURO (feat. Jenny La Sexy Voz)
41,46,186,False,2517358,2022/11/03,AIRBNB
42,46,260,False,17815544,2022/10/13,INSTAGRAM REMIX  ü•µ
42,86,260,False,17815544,2022/10/13,INSTAGRAM REMIX  ü•µ
16,145,194,False,7033015,2022/11/24,ULALA (OOH LA LA)
13,1,203,False,10151187,2022/10/20,Doxxis
43,338,206,False,21026762,2022/09/29,LOKITA
44,359,193,False,687684,2022/10/13,Aprovechame BB
38,16,218,False,13136493,2022/08/18,Ande Con Quien Ande
29,346,256,False,181213941,2022/05/19,La Llevo Al Cielo (Official Video)
29,12,256,False,181213941,2022/05/19,La Llevo Al Cielo (Official Video)
29,360,256,False,181213941,2022/05/19,La Llevo Al Cielo (Official Video)
45,360,239,False,50441950,2022/06/09,Nos Comemos Vivos (Official Video)
29,361,244,False,28862561,2022/07/14,Malo
29,362,244,False,28862561,2022/07/14,Malo
46,7,202,False,32823020,2022/06/03,Loco Por Perrearte (Remix)
16,77,225,False,39776691,2022/07/14,Traductor
7,360,232,False,367208237,2021/12/09,Desesperados
47,77,217,False,62118939,2022/06/02,Nos Comemos
48,43,234,False,2848309,2022/11/15,Mayor que usted
48,145,234,False,2848309,2022/11/15,Mayor que usted
49,363,237,False,60721525,2022/03/17,Pantysito (Official Video)
49,62,237,False,60721525,2022/03/17,Pantysito (Official Video)
30,145,195,False,86095623,2022/04/06,X √öLTIMA VEZ
41,62,205,False,98151938,2022/03/31,LA INOCENTE
50,30,232,False,401415415,2021/08/02,"Aventura, Bad Bunny - Volv√≠ (Video Oficial)"
50,169,232,False,401415415,2021/08/02,"Aventura, Bad Bunny - Volv√≠ (Video Oficial)"
51,364,399,False,392821686,2021/06/17,"Poblado (feat. Crissin, Natan & Shander & Totoy El Frio)"
51,365,399,False,392821686,2021/06/17,"Poblado (feat. Crissin, Natan & Shander & Totoy El Frio)"
52,62,234,False,302883378,2021/11/12,Monastery
53,42,241,False,285720804,2021/10/27,Medallo
53,316,241,False,285720804,2021/10/27,Medallo
54,53,349,False,140568282,2021/10/29,Ella (Remix)
54,366,349,False,140568282,2021/10/29,Ella (Remix)
54,367,349,False,140568282,2021/10/29,Ella (Remix)
55,30,270,False,311598869,2021/06/24,Nio Garcia x J Balvin x Bad Bunny - AM Remix
55,57,270,False,311598869,2021/06/24,Nio Garcia x J Balvin x Bad Bunny - AM Remix
52,368,184,False,4900580,2022/11/30,Marbella
10,326,222,False,259086847,2022/08/25,GAT√öBELA
43,47,274,False,2442050345,2017/08/18,Criminal
30,369,214,False,1241322779,2020/10/29,D√°kiti
56,43,217,False,2080940194,2018/04/20,Sin Pijama
30,57,306,False,1968417786,2019/05/16,No Me Conoce (Remix)
30,369,306,False,1968417786,2019/05/16,No Me Conoce (Remix)
10,370,204,False,1398368263,2019/11/07,Tusa (Official Video)
7,360,232,False,367208237,2021/12/09,Desesperados
57,338,217,False,585380213,2021/05/27,Qu√© M√°s Pues? (Official Video)
10,29,258,False,1346461268,2019/01/14,Secreto
16,371,218,False,775256631,2020/07/17,La Curiosidad
16,231,218,False,775256631,2020/07/17,La Curiosidad
58,1,233,False,858461290,2019/12/12,Sigues Con El (feat. Sech)
29,91,292,False,1003735670,2019/08/22,Adicto (Official Video)
29,47,292,False,1003735670,2019/08/22,Adicto (Official Video)
51,364,399,False,392821686,2021/06/17,"Poblado (feat. Crissin, Natan & Shander & Totoy El Frio)"
51,365,399,False,392821686,2021/06/17,"Poblado (feat. Crissin, Natan & Shander & Totoy El Frio)"
7,372,213,False,473920820,2021/02/13,2/Catorce
54,30,266,False,875825058,2019/05/10,Soltera (remix)
54,145,266,False,875825058,2019/05/10,Soltera (remix)
29,346,256,False,181213941,2022/05/19,La Llevo Al Cielo (Official Video)
29,12,256,False,181213941,2022/05/19,La Llevo Al Cielo (Official Video)
29,360,256,False,181213941,2022/05/19,La Llevo Al Cielo (Official Video)
53,42,241,False,285720804,2021/10/27,Medallo
53,316,241,False,285720804,2021/10/27,Medallo
47,85,262,False,619588061,2020/08/17,Caramelo Remix (Video Oficial)
47,16,262,False,619588061,2020/08/17,Caramelo Remix (Video Oficial)
30,91,252,False,1010500276,2019/05/31,Callaita
7,329,207,False,98550069,2022/07/25,LOKERA
7,330,207,False,98550069,2022/07/25,LOKERA
56,373,280,False,841256494,2018/08/02,Cuando Te Bes√© (Official Video)
57,70,250,False,383571192,2020/09/03,Relaci√≥n (remix) (feat. Farruko & ROSAL√çA)
57,145,250,False,383571192,2020/09/03,Relaci√≥n (remix) (feat. Farruko & ROSAL√çA)
7,360,208,False,628757730,2019/03/14,El Efecto
59,47,204,False,613932291,2019/03/21,Te Robar√©
2,7,198,False,565578930,2019/08/28,Fantasias
48,145,276,False,458453512,2019/06/27,Si Supieras
55,30,270,False,311598869,2021/06/24,Nio Garcia x J Balvin x Bad Bunny - AM Remix
55,57,270,False,311598869,2021/06/24,Nio Garcia x J Balvin x Bad Bunny - AM Remix
38,29,245,False,158478205,2021/11/18,S√∫belo
38,16,245,False,158478205,2021/11/18,S√∫belo
2,43,261,False,423143255,2019/09/06,"DJ no pare (Remix) (feat. Lenny Tav√°rez, Dalex & Zion)"
2,316,261,False,423143255,2019/09/06,"DJ no pare (Remix) (feat. Lenny Tav√°rez, Dalex & Zion)"
30,356,296,False,354322316,2020/02/28,Safaera
30,12,296,False,354322316,2020/02/28,Safaera
29,7,229,False,423259165,2020/10/22,Reloj
60,86,188,False,537587611,2018/05/10,Asesina
10,62,145,False,114651880,2021/12/21,FRIKI (Official Video)
29,145,225,False,520874051,2018/11/08,Adictiva
47,77,217,False,62118939,2022/06/02,Nos Comemos
61,70,274,False,140134103,2021/08/12,"Se Le Ve (feat. Dimelo Flow, Lenny Tav√°rez, De La Ghetto & Arcangel)"
61,374,274,False,140134103,2021/08/12,"Se Le Ve (feat. Dimelo Flow, Lenny Tav√°rez, De La Ghetto & Arcangel)"
30,57,225,False,365006242,2019/06/27,QUE PRETENDES (Official Video)
56,10,275,False,65328359,2022/04/15,MAMIII
55,16,348,False,245020606,2020/09/04,La Jeepeta (Remix) (feat. Juanka & Brray)
55,29,348,False,245020606,2020/09/04,La Jeepeta (Remix) (feat. Juanka & Brray)
45,360,239,False,50441950,2022/06/09,Nos Comemos Vivos (Official Video)
30,369,227,False,234018608,2020/05/10,C√ìMO SE SIENTE (Remix)
39,59,235,False,446145371,2017/07/28,Si T√∫ la Ves
55,53,377,False,313102688,2019/07/18,"M√≠rame (remix) (feat. Myke Towers, Darell & Casper Magico)"
55,7,377,False,313102688,2019/07/18,"M√≠rame (remix) (feat. Myke Towers, Darell & Casper Magico)"
49,363,237,False,60721525,2022/03/17,Pantysito (Official Video)
49,62,237,False,60721525,2022/03/17,Pantysito (Official Video)
38,41,196,False,139089953,2021/04/14,512
29,47,288,False,342083979,2019/07/25,Otro Trago (Remix) (feat. Nicky Jam & Darell)
29,70,288,False,342083979,2019/07/25,Otro Trago (Remix) (feat. Nicky Jam & Darell)
2,64,223,False,524613804,2014/05/27,Passion Whine
62,316,233,False,165862364,2020/02/24,Porfa (Video Oficial)
38,70,220,False,93594895,2021/07/08,911 (Remix)
45,42,226,False,75840275,2021/05/12,BLESSD ‚ùå MALUMA | üî•IMPOSIBLE üî•(REMIX - OFFICIAL VIDEO)
63,38,361,False,160970984,2021/06/15,Fiel (Remix)
63,39,361,False,160970984,2021/06/15,Fiel (Remix)
63,29,361,False,160970984,2021/06/15,Fiel (Remix)
46,145,236,False,274629769,2017/09/14,La Formula (feat. Chris Jedi)
46,47,236,False,274629769,2017/09/14,La Formula (feat. Chris Jedi)
30,369,214,False,1241322779,2020/10/29,D√°kiti
10,326,222,False,259086847,2022/08/25,GAT√öBELA
43,56,219,False,630032534,2021/04/20,Ram pam pam
10,29,302,False,1969461207,2019/07/19,China (feat. J Balvin & Ozuna)
10,145,302,False,1969461207,2019/07/19,China (feat. J Balvin & Ozuna)
54,30,266,False,875825058,2019/05/10,Soltera (remix)
54,145,266,False,875825058,2019/05/10,Soltera (remix)
55,30,270,False,311598869,2021/06/24,Nio Garcia x J Balvin x Bad Bunny - AM Remix
55,57,270,False,311598869,2021/06/24,Nio Garcia x J Balvin x Bad Bunny - AM Remix
41,30,274,False,334521863,2021/07/08,Volando (remix)
41,70,274,False,334521863,2021/07/08,Volando (remix)
59,57,192,False,2128430517,2018/03/01,X
2,59,240,False,375844712,2018/12/21,Baby
2,375,240,False,375844712,2018/12/21,Baby
30,356,296,False,354322316,2020/02/28,Safaera
30,12,296,False,354322316,2020/02/28,Safaera
2,147,197,False,101020400,2019/04/19,Ramayama
64,57,236,False,255618373,2019/03/15,Contra La Pared
65,376,291,False,512200773,2018/11/05,"Bubalu (feat. Anuel AA, Prince Royce & Becky G)"
29,60,211,False,146656230,2019/02/14,Controla
2,16,248,False,439534807,2019/02/25,Si se da
29,145,225,False,520874051,2018/11/08,Adictiva
32,47,239,False,1057409747,2018/06/28,Vaina loca
59,47,204,False,613932291,2019/03/21,Te Robar√©
56,373,280,False,841256494,2018/08/02,Cuando Te Bes√© (Official Video)
39,59,235,False,446145371,2017/07/28,Si T√∫ la Ves
66,377,281,False,197738700,2018/09/27,Est√° Rico
66,30,281,False,197738700,2018/09/27,Est√° Rico
57,378,274,False,748173445,2018/06/28,No Es Justo (Official Video)
65,59,303,False,486893532,2019/03/28,Verte Ir
65,86,303,False,486893532,2019/03/28,Verte Ir
65,29,303,False,486893532,2019/03/28,Verte Ir
10,29,258,False,1346461268,2019/01/14,Secreto
56,43,217,False,2080940768,2018/04/20,Sin Pijama
43,379,221,False,1411610368,2018/06/01,No Me Acuerdo (Official Video)
59,29,263,False,121807598,2019/05/16,Ven y Hazlo T√∫ (feat. Arcangel)
59,57,263,False,121807598,2019/05/16,Ven y Hazlo T√∫ (feat. Arcangel)
30,57,306,False,1968417786,2019/05/16,No Me Conoce (Remix)
30,369,306,False,1968417786,2019/05/16,No Me Conoce (Remix)
67,380,254,False,498077861,2018/12/13,Te Vi
68,57,190,False,445632383,2019/06/13,Loco Contigo
68,381,190,False,445632383,2019/06/13,Loco Contigo
48,145,276,False,458453512,2019/06/27,Si Supieras
59,61,296,False,318784809,2019/06/07,"Cuaderno (feat. Lenny Tav√°rez, Rafa Pab√∂n, Sech & Feid)"
59,316,296,False,318784809,2019/06/07,"Cuaderno (feat. Lenny Tav√°rez, Rafa Pab√∂n, Sech & Feid)"
59,70,206,False,143304897,2019/08/01,Atr√©vete
2,382,169,False,247748778,2018/09/06,Ponle
2,57,169,False,247748778,2018/09/06,Ponle
69,56,229,False,63893021,2019/06/27,Que me baile
30,2,298,False,118772695,2019/09/25,La Cartera (Official Video)
59,383,223,False,67060458,2019/10/10,Bota Fuego (con Nicky Jam - Official Video)
53,316,180,False,85073849,2020/02/06,La Pared 360
32,62,232,False,79599072,2020/02/13,BORRAXXA (Video Oficial)
30,43,234,False,472034522,2018/01/11,Amantes de una Noche
30,26,218,False,573401715,2021/02/14,LA NOCHE DE ANOCHE
70,47,206,False,202272900,2019/09/25,Si te vas
30,91,252,False,1010500276,2019/05/31,Callaita
32,1,190,False,46371921,2020/02/07,H√°bitos
29,43,274,False,385804236,2020/03/05,Fantasias (Remix) (feat. Lunay & Farruko)
29,7,274,False,385804236,2020/03/05,Fantasias (Remix) (feat. Lunay & Farruko)
2,7,198,False,565578930,2019/08/28,Fantasias
30,70,248,False,321105092,2020/02/13,Ignorantes
58,53,222,False,200460980,2019/09/20,Quiz√°s
58,39,222,False,200460980,2019/09/20,Quiz√°s
58,61,222,False,200460980,2019/09/20,Quiz√°s
30,57,225,False,365006242,2019/06/27,QUE PRETENDES (Official Video)
71,384,235,False,1924168,2022/12/08,Anfetamina
8,47,185,False,158063484,2022/10/19,Monoton√≠a
45,360,239,False,50441950,2022/06/09,Nos Comemos Vivos (Official Video)
10,325,216,False,81260358,2022/11/13,Cairo
29,346,221,False,14957433,2022/11/08,DURO (feat. Jenny La Sexy Voz)
29,347,221,False,14957433,2022/11/08,DURO (feat. Jenny La Sexy Voz)
9,324,229,False,30345689,2022/07/21,Quieres
9,4,229,False,30345689,2022/07/21,Quieres
72,56,192,False,69184934,2022/07/06,La Loto (Official Video)
72,385,192,False,69184934,2022/07/06,La Loto (Official Video)
12,30,257,False,19709400,2022/12/22,Gato de Noche
73,386,180,False,22708,2022/12/14,Cancun
73,387,180,False,22708,2022/12/14,Cancun
10,326,222,False,259086847,2022/08/25,GAT√öBELA
0,11,204,False,416961575,2022/07/06,"Quevedo: Bzrp Music Sessions, Vol. 52"
74,388,132,False,53872,2022/12/01,La 40
74,389,132,False,53872,2022/12/01,La 40
0,46,228,False,76016393,2022/03/31,Si Quieren Frontear
0,18,228,False,76016393,2022/03/31,Si Quieren Frontear
75,46,192,False,22759561,2022/08/08,Peli-Culeo
75,390,192,False,22759561,2022/08/08,Peli-Culeo
3,321,188,False,29734716,2022/06/16,LAS 12
43,338,206,False,21026762,2022/09/29,LOKITA
42,52,168,False,123202881,2022/01/27,Quien TV Remix
10,62,145,False,114651880,2021/12/21,FRIKI (Official Video)
76,338,190,False,72292777,2021/11/24,Los Tragos
29,391,200,False,20874368,2022/11/23,Si yo me muero
77,392,213,False,152563915,2021/10/21,Salimo de Noche
8,7,196,False,440165993,2022/04/21,Te Felicito
7,323,214,False,93218536,2022/09/24,PUNTO 40
78,393,420,False,106996187,2022/01/13,Cay√≥ La Noche (Remix) (feat. Abhir Hathi & EL IMA)
38,41,241,False,31009433,2022/06/15,MEMORIAS
26,169,266,False,26321768,2022/09/02,El Pa√±uelo (Official Video)
7,329,207,False,98550069,2022/07/25,LOKERA
7,330,207,False,98550069,2022/07/25,LOKERA
38,62,231,False,19279339,2022/10/20,En La De Ella
38,70,231,False,19279339,2022/10/20,En La De Ella
79,338,254,False,69455497,2022/03/03,Te Espero (Official Video)
52,62,234,False,302883378,2021/11/12,Monastery
25,344,370,False,33100848,2022/10/07,"34 AMOR Y MAFIA [REMIX] (feat. El Jincho, Camin, Harry Nach & Pedro Calderon)"
25,345,370,False,33100848,2022/10/07,"34 AMOR Y MAFIA [REMIX] (feat. El Jincho, Camin, Harry Nach & Pedro Calderon)"
80,52,208,False,60746163,2022/05/12,Monumento (Remix)
80,328,208,False,60746163,2022/05/12,Monumento (Remix)
47,227,208,False,60805603,2022/08/10,Somos Iguales (feat. Louchie Lou & Michie One)
81,0,193,False,68781028,2022/06/01,FERNET
82,394,170,False,27434181,2022/09/29,Perfecta
29,346,256,False,181213941,2022/05/19,La Llevo Al Cielo (Official Video)
29,12,256,False,181213941,2022/05/19,La Llevo Al Cielo (Official Video)
29,360,256,False,181213941,2022/05/19,La Llevo Al Cielo (Official Video)
77,395,289,False,300185217,2022/01/05,Entre Nosotros (Remix)
77,338,289,False,300185217,2022/01/05,Entre Nosotros (Remix)
77,334,289,False,300185217,2022/01/05,Entre Nosotros (Remix)
7,360,232,False,367208237,2021/12/09,Desesperados
41,62,202,False,41907099,2022/05/19,LA INOCENTE
30,26,218,False,573401715,2021/02/14,LA NOCHE DE ANOCHE
30,369,214,False,1241322779,2020/10/29,D√°kiti
47,85,262,False,619588061,2020/08/17,Caramelo Remix (Video Oficial)
47,16,262,False,619588061,2020/08/17,Caramelo Remix (Video Oficial)
10,370,204,False,1398368421,2019/11/07,Tusa (Official Video)
47,396,259,False,516976904,2020/09/03,Despeinada
30,29,269,False,350797113,2020/05/28,Hasta que Dios diga
16,366,233,False,695732704,2020/12/10,Bandido
53,61,197,False,314559052,2020/03/26,Eleg√≠ (feat. Dimelo Flow)
53,7,197,False,314559052,2020/03/26,Eleg√≠ (feat. Dimelo Flow)
29,7,229,False,423259165,2020/10/22,Reloj
30,397,250,False,335669644,2020/07/23,UN DIA (ONE DAY)
30,91,250,False,335669644,2020/07/23,UN DIA (ONE DAY)
30,57,250,False,335669644,2020/07/23,UN DIA (ONE DAY)
83,26,175,False,219031349,2020/05/28,TKN
84,396,211,False,749066379,2019/08/08,Tutu
8,29,193,False,227179772,2020/03/06,Me Gusta (Official Video)
30,145,207,False,305017392,2020/02/28,La santa
85,29,203,False,191336315,2020/04/01,Follow
86,225,216,False,171996686,2020/03/11,4K
86,398,216,False,171996686,2020/03/11,4K
32,16,237,False,186184359,2020/10/08,La Nota
32,7,237,False,186184359,2020/10/08,La Nota
45,399,537,False,209526331,2020/09/24,Pa ti (For You)
39,47,254,False,98551745,2020/07/23,Gistro amarillo
47,145,243,False,149321041,2020/09/23,No se da cuenta
87,16,183,False,131354740,2020/04/17,Ponte Pa' Mi
87,7,183,False,131354740,2020/04/17,Ponte Pa' Mi
30,400,266,False,156240264,2020/03/13,Bichiyal
88,7,192,False,39500632,2021/02/18,Vac√≠o (Official Video)
57,356,216,False,89440830,2020/07/17,Anaranjado
30,41,280,False,199677122,2020/09/20,Una vez
89,401,211,False,71800260,2020/03/12,Raro (Official Video)
89,402,211,False,71800260,2020/03/12,Raro (Official Video)
90,43,211,False,81721565,2020/04/02,Honey Boo (Official Video)
10,403,185,False,97579912,2020/04/28,La Vida Continu√≥
29,382,184,False,63508230,2020/04/16,No Me Ame
29,404,184,False,63508230,2020/04/16,No Me Ame
2,29,246,False,61644756,2020/06/10,Que se joda
2,405,246,False,61644756,2020/06/10,Que se joda
57,47,239,False,262401799,2020/12/18,Una locura
57,360,239,False,262401799,2020/12/18,Una locura
53,61,282,False,56580936,2020/04/30,Te Falle (Remix)
53,60,282,False,56580936,2020/04/30,Te Falle (Remix)
1,70,196,False,67887026,2020/10/01,Amantes y amigos
76,406,218,False,91341178,2020/06/11,La bella y la bestia
13,7,173,False,56893399,2020/07/30,Dembow 2020
57,70,292,False,59510611,2020/10/31,La Luz
55,407,205,False,92705103,2020/11/05,Travesuras
55,408,205,False,92705103,2020/11/05,Travesuras
13,29,227,False,50489101,2020/08/05,Por mi reggae muero 2020
29,47,207,False,53948274,2021/01/21,Antes
10,29,302,False,1969461207,2019/07/19,China (feat. J Balvin & Ozuna)
10,145,302,False,1969461207,2019/07/19,China (feat. J Balvin & Ozuna)
30,57,306,False,1968417786,2019/05/16,No Me Conoce (Remix)
30,369,306,False,1968417786,2019/05/16,No Me Conoce (Remix)
57,409,219,False,1018345503,2019/10/10,"Black Eyed Peas, J Balvin - RITMO (Bad Boys For Life) (Official Music Video)"
29,91,292,False,1003735670,2019/08/22,Adicto (Official Video)
29,47,292,False,1003735670,2019/08/22,Adicto (Official Video)
54,30,266,False,875825058,2019/05/10,Soltera (remix)
54,145,266,False,875825058,2019/05/10,Soltera (remix)
30,91,252,False,1010500276,2019/05/31,Callaita
58,1,233,False,858461290,2019/12/12,Sigues Con El (feat. Sech)
91,57,177,False,880133312,2020/07/15,"Agua (Music From ""Sponge On The Run"" Movie)"
59,47,204,False,613932291,2019/03/21,Te Robar√©
2,7,198,False,565578930,2019/08/28,Fantasias
7,360,208,False,628757730,2019/03/14,El Efecto
65,59,303,False,486893532,2019/03/28,Verte Ir
65,86,303,False,486893532,2019/03/28,Verte Ir
65,29,303,False,486893532,2019/03/28,Verte Ir
45,410,214,False,537355352,2019/05/10,Hola se√±orita
47,26,208,False,481268992,2019/08/15,"Yo x Ti, Tu x Mi (Official Video)"
45,56,196,False,434001966,2019/04/18,La Respuesta (Official Video)
92,396,184,False,492628995,2020/03/09,Por primera vez
68,57,190,False,445632805,2019/06/13,Loco Contigo
68,381,190,False,445632805,2019/06/13,Loco Contigo
2,411,469,False,541871180,2019/09/11,"üå°105F RMX - Kevvo FT Chencho Corleone, Farruko , Myke Towers, Arcangel, √ëengo Flow, Darell, Brytiago (feat. Myke Towers, Darell, Arcangel & √ëengo Flow)"
2,360,469,False,541871180,2019/09/11,"üå°105F RMX - Kevvo FT Chencho Corleone, Farruko , Myke Towers, Arcangel, √ëengo Flow, Darell, Brytiago (feat. Myke Towers, Darell, Arcangel & √ëengo Flow)"
30,57,251,False,619005528,2019/10/14,LA CANCI√ìN
48,145,276,False,458453638,2019/06/27,Si Supieras
29,346,221,False,14957433,2022/11/08,DURO (feat. Jenny La Sexy Voz)
29,347,221,False,14957433,2022/11/08,DURO (feat. Jenny La Sexy Voz)
2,43,261,False,423143338,2019/09/06,"DJ no pare (Remix) (feat. Lenny Tav√°rez, Dalex & Zion)"
2,316,261,False,423143338,2019/09/06,"DJ no pare (Remix) (feat. Lenny Tav√°rez, Dalex & Zion)"
43,47,274,False,2442050345,2017/08/18,Criminal
88,412,211,False,2241490512,2017/11/16,√âchame La Culpa
2,59,240,False,375844712,2018/12/21,Baby
2,375,240,False,375844712,2018/12/21,Baby
7,360,232,False,367208237,2021/12/09,Desesperados
59,57,192,False,2128430517,2018/03/01,X
56,43,217,False,2080940768,2018/04/20,Sin Pijama
30,57,306,False,1968417786,2019/05/16,No Me Conoce (Remix)
30,369,306,False,1968417786,2019/05/16,No Me Conoce (Remix)
93,94,198,False,1585709620,2017/07/28,Robarte un Beso (Official Video)
30,369,214,False,1241322779,2020/10/29,D√°kiti
30,29,269,False,350797113,2020/05/28,Hasta que Dios diga
53,2,305,False,44035771,2019/11/29,Bellaquita (remix)
53,61,305,False,44035771,2019/11/29,Bellaquita (remix)
53,43,305,False,44035771,2019/11/29,Bellaquita (remix)
30,356,296,False,354322316,2020/02/28,Safaera
30,12,296,False,354322316,2020/02/28,Safaera
43,379,221,False,1411610368,2018/06/01,No Me Acuerdo (Official Video)
10,370,204,False,1398368421,2019/11/07,Tusa (Official Video)
59,413,227,False,1379931190,2015/03/23,El Perd√≥n
10,29,258,False,1346461268,2019/01/14,Secreto
30,91,252,False,1010500276,2019/05/31,Callaita
29,91,292,False,1003735670,2019/08/22,Adicto (Official Video)
29,47,292,False,1003735670,2019/08/22,Adicto (Official Video)
94,383,248,False,933636077,2018/08/09,Ya No Tiene Novio (Official Video)
32,47,239,False,1057409747,2018/06/28,Vaina loca
32,383,204,False,896663146,2018/10/11,Desconocidos
32,396,204,False,896663146,2018/10/11,Desconocidos
54,30,266,False,875825058,2019/05/10,Soltera (remix)
54,145,266,False,875825058,2019/05/10,Soltera (remix)
91,57,177,False,880133488,2020/07/15,"Agua (Music From ""Sponge On The Run"" Movie)"
10,414,214,False,881681235,2021/03/25,EL MAKINON (Official Video)
58,1,233,False,858461290,2019/12/12,Sigues Con El (feat. Sech)
16,371,218,False,775256631,2020/07/17,La Curiosidad
16,231,218,False,775256631,2020/07/17,La Curiosidad
30,26,218,False,573401715,2021/02/14,LA NOCHE DE ANOCHE
9,324,229,False,30345689,2022/07/21,Quieres
9,4,229,False,30345689,2022/07/21,Quieres
95,415,201,False,4621662,2022/06/09,Mujeriego
30,348,259,False,227210411,2022/05/06,Ojitos Lindos
7,360,232,False,367208237,2021/12/09,Desesperados
96,325,189,False,31157629,2021/12/14,Ya No Somos
10,62,145,False,114651880,2021/12/21,FRIKI (Official Video)
50,30,232,False,401415682,2021/08/02,"Aventura, Bad Bunny - Volv√≠ (Video Oficial)"
50,169,232,False,401415682,2021/08/02,"Aventura, Bad Bunny - Volv√≠ (Video Oficial)"
97,77,223,False,324125957,2021/07/08,Entre Nosotros
41,30,274,False,334521863,2021/07/08,Volando (remix)
41,70,274,False,334521863,2021/07/08,Volando (remix)
98,57,174,False,160852889,2021/07/01,In Da Getto (Official Video)
81,416,281,False,268007591,2021/06/16,"No Me Conocen (Remix) [con DUKI, Rei & Tiago PZK] (feat. Tiago PZK)"
81,18,281,False,268007591,2021/06/16,"No Me Conocen (Remix) [con DUKI, Rei & Tiago PZK] (feat. Tiago PZK)"
70,145,225,False,130844812,2020/01/30,Definitivamente
45,417,201,False,70201766,2019/11/21,As√≠ As√≠ (Official Video)
10,370,204,False,1398368421,2019/11/07,Tusa (Official Video)
2,7,202,False,362703679,2019/11/05,Fantasias (Unplugged)
54,29,218,False,110844648,2019/10/26,Aventura
54,47,218,False,110844648,2019/10/26,Aventura
8,84,165,False,99208294,2019/10/14,Tutu (Remix - Audio)
8,396,165,False,99208294,2019/10/14,Tutu (Remix - Audio)
30,57,251,False,619005528,2019/10/14,LA CANCI√ìN
45,57,234,False,299803670,2019/09/26,Qu√© Pena (Official Video)
30,2,298,False,118772735,2019/09/25,La Cartera (Official Video)
32,29,197,False,191151316,2019/08/23,Te quemaste
29,91,292,False,1003735670,2019/08/22,Adicto (Official Video)
29,47,292,False,1003735670,2019/08/22,Adicto (Official Video)
10,29,302,False,1969461207,2019/07/19,China (feat. J Balvin & Ozuna)
10,145,302,False,1969461207,2019/07/19,China (feat. J Balvin & Ozuna)
99,418,177,False,37845328,2019/06/17,Camarero
54,30,266,False,875825058,2019/05/10,Soltera (remix)
54,145,266,False,875825058,2019/05/10,Soltera (remix)
100,2,397,False,120850727,2019/04/25,Delincuente (Pseudo Video)
100,29,397,False,120850727,2019/04/25,Delincuente (Pseudo Video)
59,88,240,False,151497335,2019/04/23,Date La Vuelta (Official Video)
59,94,240,False,151497335,2019/04/23,Date La Vuelta (Official Video)
59,47,204,False,613932291,2019/03/21,Te Robar√©
64,57,236,False,255618373,2019/03/15,Contra La Pared
59,7,228,False,181647495,2019/01/25,Que le de
2,59,240,False,375844712,2018/12/21,Baby
2,375,240,False,375844712,2018/12/21,Baby
101,419,153,False,1208206,2018/11/02,El Descorche
28,56,171,False,318726305,2018/10/24,Booty (feat. Alizzz)
102,323,517,False,86352583,2018/09/14,Soltero
102,420,517,False,86352583,2018/09/14,Soltero
102,421,517,False,86352583,2018/09/14,Soltero
103,1,348,False,33648672,2018/09/14,"Millones (feat. DJ Luian, El Alfa, Mozart La Para & Bryant Myers)"
103,422,348,False,33648672,2018/09/14,"Millones (feat. DJ Luian, El Alfa, Mozart La Para & Bryant Myers)"
104,423,369,False,92073453,2018/09/13,"Me Usaste (feat. Jon Z, Juhn & Ecko)"
104,398,369,False,92073453,2018/09/13,"Me Usaste (feat. Jon Z, Juhn & Ecko)"
10,29,232,False,1069864690,2018/09/13,Culpables (Official Video)
59,424,324,False,137423153,2018/09/13,La Diabla
89,57,266,False,34186101,2018/09/13,El Peor
46,57,220,False,38081133,2018/09/07,Caliente
76,45,289,False,628311811,2018/08/30,Amigos Con Derechos
105,145,314,False,106699922,2018/08/30,Como Soy
106,375,222,False,19989917,2018/07/05,Me rindo
106,398,222,False,19989917,2018/07/05,Me rindo
57,378,274,False,748173445,2018/06/28,No Es Justo (Official Video)
45,39,241,False,50477991,2018/06/28,Todo el amor
45,46,241,False,50477991,2018/06/28,Todo el amor
32,47,239,False,1057409747,2018/06/28,Vaina loca
30,57,306,False,1968418278,2019/05/16,No Me Conoce (Remix)
30,369,306,False,1968418278,2019/05/16,No Me Conoce (Remix)
30,369,214,False,1241322779,2020/10/29,D√°kiti
10,29,302,False,1969461574,2019/07/19,China (feat. J Balvin & Ozuna)
10,145,302,False,1969461574,2019/07/19,China (feat. J Balvin & Ozuna)
54,30,266,False,875825058,2019/05/10,Soltera (remix)
54,145,266,False,875825058,2019/05/10,Soltera (remix)
59,57,192,False,2128430517,2018/03/01,X
55,30,270,False,311598869,2021/06/24,Nio Garcia x J Balvin x Bad Bunny - AM Remix
55,57,270,False,311598869,2021/06/24,Nio Garcia x J Balvin x Bad Bunny - AM Remix
64,57,236,False,255618373,2019/03/15,Contra La Pared
29,145,225,False,520874051,2018/11/08,Adictiva
30,356,296,False,354322316,2020/02/28,Safaera
30,12,296,False,354322316,2020/02/28,Safaera
57,378,274,False,748173445,2018/06/28,No Es Justo (Official Video)
32,47,239,False,1057409747,2018/06/28,Vaina loca
69,2,279,False,131741215,2019/02/04,Pa Olvidarte (Remix) (feat. Manuel Turizo)
69,378,279,False,131741215,2019/02/04,Pa Olvidarte (Remix) (feat. Manuel Turizo)
56,43,217,False,2080940768,2018/04/20,Sin Pijama
94,383,248,False,933636077,2018/08/09,Ya No Tiene Novio (Official Video)
10,29,232,False,1069864690,2018/09/13,Culpables (Official Video)
65,376,291,False,512200773,2018/11/05,"Bubalu (feat. Anuel AA, Prince Royce & Becky G)"
28,56,171,False,318726305,2018/10/24,Booty (feat. Alizzz)
65,47,350,False,625596238,2018/01/19,"Solita (feat. Bad Bunny, Wisin & Almighty)"
65,376,350,False,625596238,2018/01/19,"Solita (feat. Bad Bunny, Wisin & Almighty)"
43,379,221,False,1411610368,2018/06/01,No Me Acuerdo (Official Video)
2,382,169,False,247748778,2018/09/06,Ponle
2,57,169,False,247748778,2018/09/06,Ponle
76,45,289,False,628311811,2018/08/30,Amigos Con Derechos
107,43,226,False,648234600,2018/07/13,Justicia
88,47,194,False,460939219,2018/10/18,Imposible (Official Video)
108,385,185,False,127221299,2018/10/25,Jacuzzi
109,425,212,False,233461163,2018/04/27,Mocca
32,383,204,False,896663146,2018/10/11,Desconocidos
32,396,204,False,896663146,2018/10/11,Desconocidos
110,316,236,False,30513941,2018/11/07,Si T√∫
8,45,236,False,474906841,2018/07/27,Clandestino (Official Video)
30,399,231,False,102342901,2018/11/08,Te Guste
104,423,369,False,92073453,2018/09/13,"Me Usaste (feat. Jon Z, Juhn & Ecko)"
104,398,369,False,92073453,2018/09/13,"Me Usaste (feat. Jon Z, Juhn & Ecko)"
2,59,240,False,375844712,2018/12/21,Baby
2,375,240,False,375844712,2018/12/21,Baby
10,29,258,False,1346461268,2019/01/14,Secreto
30,48,278,False,35462840,2019/05/02,Dame Algo (Official Video)
30,39,278,False,35462840,2019/05/02,Dame Algo (Official Video)
45,410,214,False,537355922,2019/05/10,Hola se√±orita
59,47,204,False,613932291,2019/03/21,Te Robar√©
43,145,210,False,272649249,2019/05/06,No lo trates
43,426,210,False,272649249,2019/05/06,No lo trates
111,427,170,False,14219706,2022/12/09,Namora A√≠
112,428,140,False,5457085,2022/12/20,QUEM SOU EU?
113,429,108,True,27890624,2022/09/13,Evoque Prata
113,430,108,True,27890624,2022/09/13,Evoque Prata
114,134,216,False,1108333,2022/12/16,Foi Bom Enquanto Durou
114,111,216,False,1108333,2022/12/16,Foi Bom Enquanto Durou
115,134,162,False,138653985,2022/07/01,Casei Com a Putaria
115,111,162,False,138653985,2022/07/01,Casei Com a Putaria
116,135,326,False,1285649,2022/12/12,"Set Sobre Funk (feat. MC Magal, MC Jo√£ozinho VT, MC Daniel & MC Ryan SP)"
116,431,326,False,1285649,2022/12/12,"Set Sobre Funk (feat. MC Magal, MC Jo√£ozinho VT, MC Daniel & MC Ryan SP)"
117,432,159,False,25589957,2022/10/26,Tubar√£o Te Amo (feat. MC RF & Mc Jhenny)
117,111,159,False,25589957,2022/10/26,Tubar√£o Te Amo (feat. MC RF & Mc Jhenny)
118,433,155,False,1379048,2022/12/21,Menino Ney (feat. Dazz)
119,111,326,False,7195323,2022/11/30,Passar de Foguet√£o 3 (feat. Mc Davi)
119,137,326,False,7195323,2022/11/30,Passar de Foguet√£o 3 (feat. Mc Davi)
120,137,235,False,2353977,2022/12/02,Mil Motivos
121,434,129,False,127958381,2022/06/03,Ai Preto
121,435,129,False,127958381,2022/06/03,Ai Preto
122,111,226,False,76111425,2022/09/22,Felina üêà
119,134,230,False,15578059,2022/11/11,Final do Ano
123,436,594,False,54860150,2022/09/01,Set Wesley Alem√£o
123,437,594,False,54860150,2022/09/01,Set Wesley Alem√£o
123,438,594,False,54860150,2022/09/01,Set Wesley Alem√£o
124,137,220,False,661206,2022/12/16,Luz Apagada
124,439,220,False,661206,2022/12/16,Luz Apagada
114,111,199,False,1099480,2022/12/02,N√£o Rouba Minha Wave
125,440,218,False,120479963,2022/01/27,Eu Vou Machucar S√≥ um Pouquinho X Catucando Gostosinho
125,441,218,False,120479963,2022/01/27,Eu Vou Machucar S√≥ um Pouquinho X Catucando Gostosinho
126,135,546,False,15166865,2022/10/29,''LET'S GO 3''
126,111,546,False,15166865,2022/10/29,''LET'S GO 3''
126,116,546,False,15166865,2022/10/29,''LET'S GO 3''
127,442,162,False,69249331,2022/03/25,O Poder Dessa Garota
127,443,162,False,69249331,2022/03/25,O Poder Dessa Garota
128,444,129,False,144598883,2022/03/18,sentaDONA (Remix) s2
128,445,129,False,144598883,2022/03/18,sentaDONA (Remix) s2
128,446,129,False,144598883,2022/03/18,sentaDONA (Remix) s2
129,447,146,False,66616556,2022/06/17,Baile no Morro
129,448,146,False,66616556,2022/06/17,Baile no Morro
130,111,296,False,52333216,2022/10/27,Sereia (feat. Xam√£)
130,192,296,False,52333216,2022/10/27,Sereia (feat. Xam√£)
131,134,251,False,78631983,2022/05/18,Nois √â os Cara (feat. Love Funk & MC Lemos)
131,449,251,False,78631983,2022/05/18,Nois √â os Cara (feat. Love Funk & MC Lemos)
121,450,159,False,140241565,2022/04/06,Desenrola Bate Joga de Ladin
121,451,159,False,140241565,2022/04/06,Desenrola Bate Joga de Ladin
132,452,568,False,28148458,2022/10/07,"Boka Loka (feat. Mc Erik, MC Jo√£ozinho VT, Mc P√™ Leal & MC Vine7)"
132,453,568,False,28148458,2022/10/07,"Boka Loka (feat. Mc Erik, MC Jo√£ozinho VT, Mc P√™ Leal & MC Vine7)"
115,436,205,False,36200981,2022/07/27,Doce Veneno
115,134,205,False,36200981,2022/07/27,Doce Veneno
117,454,170,False,45030552,2022/06/10,Pras Novinha (feat. DJ Pedrin)
117,114,170,False,45030552,2022/06/10,Pras Novinha (feat. DJ Pedrin)
115,134,131,False,40294702,2022/04/29,Bagulho Louco
133,455,138,False,22291434,2022/07/07,Sentadinha Diferente
129,456,221,False,32304023,2022/03/23,Kikando e Me Olhando
129,448,221,False,32304023,2022/03/23,Kikando e Me Olhando
134,115,183,False,5114220,2022/11/04,Revela√ß√£o do Ano
135,111,518,False,39954096,2022/05/27,"Let's Go 2 (feat. MC Marks, MC Don Juan, Mc Luki & MC Hariel)"
135,126,518,False,39954096,2022/05/27,"Let's Go 2 (feat. MC Marks, MC Don Juan, Mc Luki & MC Hariel)"
135,138,606,False,34263825,2022/06/01,"SET MK 2 (feat. MC Marks, MC Don Juan, DJ Boy & MC Ryan SP)"
135,137,606,False,34263825,2022/06/01,"SET MK 2 (feat. MC Marks, MC Don Juan, DJ Boy & MC Ryan SP)"
136,134,379,False,23745797,2022/08/08,"Favela (feat. Mc IG, Love Funk, MC Neguinho do Kaxeta & Mc Kadu)"
136,111,379,False,23745797,2022/08/08,"Favela (feat. Mc IG, Love Funk, MC Neguinho do Kaxeta & Mc Kadu)"
137,135,161,False,20779604,2022/08/17,"S√≥ Era Pix, N√£o Era Amor (GR6 Explode) DJ Boy"
119,431,148,False,29612055,2022/05/11,EU VOU COM CARINHO ELA QUER COM FOR√áA
119,457,148,False,29612055,2022/05/11,EU VOU COM CARINHO ELA QUER COM FOR√áA
138,119,329,False,8926112,2022/10/19,"Vou de Lala 2 (feat. MC Pedrinho, MC Kelvinho & Mc Kako)"
138,111,329,False,8926112,2022/10/19,"Vou de Lala 2 (feat. MC Pedrinho, MC Kelvinho & Mc Kako)"
139,134,238,False,1825489,2022/11/17,Pernoite (feat. Love Funk)
139,111,238,False,1825489,2022/11/17,Pernoite (feat. Love Funk)
140,458,190,False,1198664,2022/12/02,Nadie Te Cree
95,459,200,False,2026580,2022/12/08,C√°mbiame Esa Carita
52,368,110,False,1296958,2022/11/30,El Pan De Estefan√≠a
141,26,173,False,2837615,2022/12/15,DESPECH√Å RMX (Official Audio)
142,460,209,False,1239879,2022/11/18,Tu Cari√±ito (Remix)
143,461,218,False,937888,2022/11/03,Que Rica
8,47,185,False,158063484,2022/10/19,Monoton√≠a
26,169,266,False,26321768,2022/09/02,El Pa√±uelo (Official Video)
56,462,187,False,3691906,2022/10/06,AMANTES (Official Video)
144,463,240,False,1484458,2022/10/20,Por un Perro
107,76,192,False,989180,2022/12/01,S√© Que Est√°s Con √âl (Concept Video)
50,30,232,False,401415682,2021/08/02,"Aventura, Bad Bunny - Volv√≠ (Video Oficial)"
50,169,232,False,401415682,2021/08/02,"Aventura, Bad Bunny - Volv√≠ (Video Oficial)"
145,66,234,False,292672128,2020/12/10,De Vuelta Pa' la Vuelta
59,79,248,False,58069773,2022/06/23,Si Te Preguntan... (Official Video)
59,231,248,False,58069773,2022/06/23,Si Te Preguntan... (Official Video)
146,47,274,False,66595403,2021/11/04,Se√±or Juez
79,338,254,False,69455497,2022/03/03,Te Espero (Official Video)
147,464,195,False,15601257,2022/09/29,LET'S GET CRAZY! (Mambo Drop)
32,465,227,False,61265713,2021/10/21,Una Vaina Loca
32,18,227,False,61265713,2021/10/21,Una Vaina Loca
144,466,228,False,48051125,2021/04/22,Cumbia A La Gente
148,467,198,False,26879876,2021/10/14,H√°blame de Miami (Official Video)
149,169,247,False,17356416,2022/09/01,Sin Fin (Official Video)
39,147,218,False,19781205,2022/04/21,"""Soy Yo"" feat. Wisin & Gente De Zona"
39,148,218,False,19781205,2022/04/21,"""Soy Yo"" feat. Wisin & Gente De Zona"
2,415,193,False,11370720,2021/12/15,La Bendici√≥n (Official Video)
150,396,213,False,3492090,2022/09/06,Ambulancia (Visualizer)
95,468,348,False,10594687,2021/10/01,A Mi Manera
95,459,348,False,10594687,2021/10/01,A Mi Manera
95,469,348,False,10594687,2021/10/01,A Mi Manera
151,402,222,False,5488182,2022/01/21,Dame Una Noche (Remix)
95,415,201,False,4621662,2022/06/09,Mujeriego
152,470,219,False,2188770,2022/08/05,Despu√©s de Mi
153,471,236,False,1196346,2022/07/21,No soy
153,200,270,False,1035549,2022/05/05,No Me Lo Creo
154,472,248,False,68976,2022/06/30,Son de La Habana (feat. Tanya Malgar)
155,156,270,False,28767131,2022/12/16,Bebe Dame
156,473,178,False,44077300,2022/12/08,Que vuelvas
157,158,155,False,94462869,2022/07/21,El Rescate
158,161,235,False,13920045,2022/11/03,Loco Enamorado
159,474,156,False,104597211,2022/10/20,Qu√© Agon√≠a
160,158,174,False,52206920,2022/06/03,Vamos Para Arriba
161,155,165,False,116747608,2022/08/02,Billete Grande
162,475,152,False,21490566,2022/09/29,Los Collares [En Vivo]
163,166,186,False,120884118,2022/07/12,Calidad
155,165,148,False,18829899,2022/12/02,Ch y la Pizza (Ao Vivo)
164,476,211,False,5921515,2022/11/10,Ense√±anza De Los Viejos
165,477,214,False,16087593,2022/10/21,Que Me Importa
166,478,208,False,6997189,2022/10/21,A Mi Modo
167,166,224,False,128300592,2022/01/28,Dile a Tu Orgullo (En Vivo)
168,479,218,False,806184,2022/11/10,Todo A Su Tiempo
168,480,218,False,806184,2022/11/10,Todo A Su Tiempo
169,481,207,False,18354619,2022/10/13,Me Extra√±o
170,172,178,False,8335836,2022/10/06,Inseparables
171,481,204,False,17143597,2022/09/21,La Siguiente
172,482,225,False,13894420,2022/08/04,La Curiosidad
156,155,180,False,17187983,2022/11/25,911 (Ao Vivo)
166,396,242,False,25062086,2022/08/18,Alaska
173,166,273,False,78540988,2022/06/14,T√∫ (En Vivo)
161,155,205,False,9161020,2022/08/25,La Envidia Se Dio Cuenta (En Vivo)
174,483,159,False,59029209,2022/11/04,Bombonzinho
175,185,165,False,9474760,2022/12/09,Conduta (Ao Vivo)
174,181,163,False,12560016,2022/12/02,Perdoou Nada (Let's Bora)
176,185,152,False,98702382,2022/09/19,Eu Gosto Assim
177,484,165,False,75897554,2022/11/18,Ro√ßa Em Mim
177,483,165,False,75897554,2022/11/18,Ro√ßa Em Mim
128,180,218,False,68046387,2022/08/09,Cora√ß√£o cigano
178,485,164,False,32201613,2022/11/04,Esse B.O √© Meu (Ao Vivo)
179,486,214,False,69536371,2022/08/05,Perfeito Pra Ficar Sozinho (Ao Vivo)
178,487,187,False,55554828,2022/08/19,Assunto Delicado (Ao Vivo)
180,488,166,False,81381641,2022/04/15,ERRO PLANEJADO (Ao Vivo)
181,485,186,False,31258315,2022/10/14,Pactos
182,483,166,False,63199024,2022/06/24,√î L√° na Ro√ßa (Ao Vivo)
183,181,175,False,39628416,2022/09/02,Beijo de Glicose (Ao Vivo)
184,188,176,False,28247434,2022/08/05,Cheiro de Balada (Ao Vivo)
174,486,173,False,39720073,2022/05/27,Nem Namorado e Nem Ficante
185,179,193,False,4359670,2022/12/16,Respeita Seu Ex
186,188,229,False,43844639,2022/03/18,Acabei de Terminar (Ao Vivo)
137,489,212,False,7817211,2022/11/18,At√© Achar Algu√©m (Ao Vivo)
187,488,210,False,20682006,2022/06/24,Deixa ela em paz
181,490,246,False,9607914,2022/09/16,Frio da Madrugada
188,491,189,False,5645247,2022/11/18,Lara (Ao Vivo)
112,428,140,False,5457085,2022/12/20,QUEM SOU EU?
185,179,193,False,4359670,2022/12/16,Respeita Seu Ex
128,492,151,False,7364134,2022/12/21,MAMA.CITA (hasta la vista)
189,493,145,False,63847477,2022/10/01,Farra Sem Limites (EP Ao Vivo em Fortaleza)
182,483,166,False,63199024,2022/06/24,√î L√° na Ro√ßa (Ao Vivo)
175,494,214,False,122793198,2022/07/14,Tem Cabar√© Essa Noite
190,491,118,False,2668612,2022/12/30,Agroboy Raiz (Ao Vivo)
191,495,259,False,41700769,2022/10/06,Esperando Voc√™ / Mundo Inteiro (Ao Vivo)
174,483,159,False,59029209,2022/11/04,Bombonzinho
176,185,152,False,98702382,2022/09/19,Eu Gosto Assim
177,484,165,False,75897554,2022/11/18,Ro√ßa Em Mim
177,483,165,False,75897554,2022/11/18,Ro√ßa Em Mim
122,111,226,False,76111425,2022/09/22,Felina üêà
130,111,296,False,52333216,2022/10/27,Sereia (feat. Xam√£)
130,192,296,False,52333216,2022/10/27,Sereia (feat. Xam√£)
113,429,108,True,27890625,2022/09/13,Evoque Prata
113,430,108,True,27890625,2022/09/13,Evoque Prata
174,181,163,False,12560016,2022/12/02,Perdoou Nada (Let's Bora)
192,118,174,True,17101695,2022/09/26,Papo de Agustinho
193,496,140,False,18518101,2022/08/12,Imprevisto
193,497,140,False,18518101,2022/08/12,Imprevisto
111,449,478,False,35463222,2022/09/02,Giro Loko
111,138,478,False,35463222,2022/09/02,Giro Loko
111,498,478,False,35463222,2022/09/02,Giro Loko
119,111,326,False,7195323,2022/11/30,Passar de Foguet√£o 3 (feat. Mc Davi)
119,137,326,False,7195323,2022/11/30,Passar de Foguet√£o 3 (feat. Mc Davi)
194,499,243,False,1200280,2022/11/11,universo de coisas que eu desconhe√ßo
195,500,198,False,4588503,2022/11/21,M√≥ Viagem
130,501,213,False,18645290,2022/10/17,Hino dos Mlks (feat. Mainstreet)
130,502,213,False,18645290,2022/10/17,Hino dos Mlks (feat. Mainstreet)
130,503,213,False,18645290,2022/10/17,Hino dos Mlks (feat. Mainstreet)
183,181,175,False,39628416,2022/09/02,Beijo de Glicose (Ao Vivo)
181,485,186,False,31258315,2022/10/14,Pactos
117,432,159,False,25589957,2022/10/26,Tubar√£o Te Amo (feat. MC RF & Mc Jhenny)
117,111,159,False,25589957,2022/10/26,Tubar√£o Te Amo (feat. MC RF & Mc Jhenny)
196,504,120,False,4317978,2022/11/10,SAL
197,505,122,False,1285195,2022/11/30,Avisa l√° (feat. Rebecca)
197,385,122,False,1285195,2022/11/30,Avisa l√° (feat. Rebecca)
178,487,187,False,55554828,2022/08/19,Assunto Delicado (Ao Vivo)
175,500,164,False,4136240,2022/12/29,Love Gostosinho (Ao Vivo)
56,43,217,False,2080940768,2018/04/20,Sin Pijama
30,91,252,False,1010500276,2019/05/31,Callaita
30,57,251,False,619005528,2019/10/14,LA CANCI√ìN
198,506,321,False,31527103,2015/07/14,Conga
199,507,275,False,236102,2021/10/28,Oye C√≥mo Va
200,508,241,False,1161441,2022/08/11,El Dolor De Mi Vida (Versi√≥n Salsa)
153,471,236,False,1196346,2022/07/21,No soy
145,66,234,False,292672358,2020/12/10,De Vuelta Pa' la Vuelta
201,509,201,False,1203890,2021/04/16,Lo veo y no lo creo
202,510,274,False,17612956,2021/04/08,V√≠ctimas las Dos (Official Video)
203,511,242,False,4746841,2015/03/12,Ch√© Ch√© Col√©
204,512,336,False,726493,2021/04/15,Paula C.
204,93,267,False,589630,2020/04/12,No Est√°s Solo: Canci√≥n Para Los Enfermos
204,203,466,False,346430,2016/07/08,Pedro Navaja
205,513,299,False,130566,2019/05/31,Ave Maria Morena
206,514,420,False,316870,2017/06/19,Good Shepherd -  2017 Salsa Scholars Congress
205,199,343,False,27259,2019/06/10,Toro Mata
207,460,165,False,1850788,2022/10/07,Dos Locos (Reload)
208,515,273,False,1461609,2022/09/02,"15,500 noches (feat. Ram√≥n Orlando)"
208,516,273,False,1461609,2022/09/02,"15,500 noches (feat. Ram√≥n Orlando)"
208,169,273,False,1461609,2022/09/02,"15,500 noches (feat. Ram√≥n Orlando)"
209,517,291,False,8716710,2018/03/14,T√∫ eres ajena
210,518,229,False,1054330,2019/11/25,Another Night
211,47,222,False,2988270,2021/10/27,Llego El Real Remix
212,519,301,False,5378570,2019/06/20,Abracadabra (Remix)
209,151,223,False,1067275,2021/02/18,Mi forma de amar
213,520,259,False,10780,2022/10/05,El Gustico (Remastered 2022)
214,521,188,False,813325,2022/09/29,55
144,522,213,False,7793609,2022/04/21,Esa Parte De M√≠
144,523,213,False,7793609,2022/04/21,Esa Parte De M√≠
214,524,239,False,3888642,2022/01/13,Te Voy A Conquistar
215,525,318,False,15751652,2022/04/22,Messirve Mix 5
216,526,211,False,89389,2022/05/12,Virgen de los Dolores
144,334,200,False,176950908,2021/11/11,Otra Noche
217,527,218,False,20435737,2021/12/15,Camina (Suave y Elegante) (Official Video)
218,56,174,False,11023583,2022/01/24,Baila As√≠ (Official Video)
218,379,174,False,11023583,2022/01/24,Baila As√≠ (Official Video)
218,521,174,False,11023583,2022/01/24,Baila As√≠ (Official Video)
144,466,228,False,48051125,2021/04/22,Cumbia A La Gente
219,357,278,False,3242874,2021/07/18,International Love
219,528,278,False,3242874,2021/07/18,International Love
220,529,239,False,243588,2022/04/20,La Burrita y la Adivinanza
218,530,184,False,773428,2019/06/27,Que Bomba (Official Video)
221,531,240,False,319174,2021/03/18,Buena Vida
222,532,248,False,91812,2020/09/24,Mi Cuc√∫
223,29,237,False,4127359,2023/01/04,Del Kilo
223,243,237,False,4127359,2023/01/04,Del Kilo
224,533,131,False,24593,2023/01/04,La Funda
224,534,131,False,24593,2023/01/04,La Funda
225,392,234,False,80473084,2022/08/03,Los Aparatos
225,398,234,False,80473084,2022/08/03,Los Aparatos
226,535,265,False,23547237,2022/10/11,Lokisla (feat. Onguito Wa & El Perrote Wz)
226,238,265,False,23547237,2022/10/11,Lokisla (feat. Onguito Wa & El Perrote Wz)
227,26,175,False,88343063,2021/09/01,Linda
228,225,173,False,96620388,2022/05/16,Gogo Dance
227,243,170,False,12338363,2022/07/12,Sistema de Patio
229,536,206,False,40373126,2021/07/31,Esta Si
229,537,206,False,40373126,2021/07/31,Esta Si
228,2,268,False,114907901,2021/09/06,Curazao
228,225,268,False,114907901,2021/09/06,Curazao
230,227,144,False,23493310,2021/12/02,Singamo (feat. Leo RD)
230,538,144,False,23493310,2021/12/02,Singamo (feat. Leo RD)
229,211,178,False,42615810,2021/04/24,Se Me Nota (Agarrame) (Prod. by B-One)
225,417,187,False,49472544,2022/04/07,Bendecido
231,225,216,False,19076479,2022/08/18,No Conf√≠o
231,371,216,False,19076479,2022/08/18,No Conf√≠o
232,312,166,False,25968561,2021/07/30,Bagre
233,227,202,False,25639719,2021/03/04,Tukuntazo (Austin Millz Remix) (feat. El Cherry Scom & Leo RD)
233,311,202,False,25639719,2021/03/04,Tukuntazo (Austin Millz Remix) (feat. El Cherry Scom & Leo RD)
234,539,227,False,25989137,2021/02/05,Juju Juju
235,540,197,False,19662420,2021/01/22,Corre Corre (Remix) (feat. El Chuky De Lewa & Yailin la Mas Viral)
235,541,197,False,19662420,2021/01/22,Corre Corre (Remix) (feat. El Chuky De Lewa & Yailin la Mas Viral)
236,53,194,False,2456881,2022/10/12,Bebe y Bebe
236,318,194,False,2456881,2022/10/12,Bebe y Bebe
237,225,220,False,43485840,2021/10/20,Tamo en Hoja
237,536,220,False,43485840,2021/10/20,Tamo en Hoja
227,542,237,False,15836059,2021/01/26,No Me Importa
238,311,202,False,23649917,2020/10/01,Privity
239,543,170,False,227010,2022/12/31,Que Me Singue
239,544,170,False,227010,2022/12/31,Que Me Singue
228,225,234,False,30779061,2022/01/11,Tontoron Tonton
228,312,234,False,30779061,2022/01/11,Tontoron Tonton
226,545,216,False,33128303,2020/01/13,No Tengo Para
229,398,215,False,17280638,2020/03/03,Con Chapa
240,546,216,False,5031113,2021/10/11,Patr√≥n (feat. El Malcriao)
240,547,216,False,5031113,2021/10/11,Patr√≥n (feat. El Malcriao)
241,225,251,False,88625447,2020/02/11,Coronao Now
242,318,167,False,1261504,2022/08/05,Cu√°nta Leche
242,312,167,False,1261504,2022/08/05,Cu√°nta Leche
240,548,176,False,1956616,2022/04/02,Moreno
228,225,209,False,16969480,2022/04/14,Panam√°
228,549,209,False,16969480,2022/04/14,Panam√°
243,238,213,False,1839187,2021/12/14,Pa La Forty (feat. Fama Young)
243,550,213,False,1839187,2021/12/14,Pa La Forty (feat. Fama Young)
244,226,145,False,7734937,2022/02/25,Opa Opa
235,536,159,False,1315925,2022/04/29,Moja Toto
240,318,212,False,3124123,2021/08/13,BUSCA UN BURRO (feat. Breyco En Producidera)
228,545,196,False,17295221,2022/03/16,GALAPIN
228,225,196,False,17295221,2022/03/16,GALAPIN
226,551,217,False,15052753,2020/07/03,Normalito
245,552,248,True,601607,2022/06/13,"Toy Recho (feat. El Cherry Scom, El Bloonel, Albert Diamond & Maceo El Perro Blanco)"
245,311,248,True,601607,2022/06/13,"Toy Recho (feat. El Cherry Scom, El Bloonel, Albert Diamond & Maceo El Perro Blanco)"
246,537,186,False,570687,2022/02/10,Choppa
102,553,156,False,19869,2022/10/14,Flotaera
236,548,221,False,13067451,2022/07/21,La opini√≥n es tuya
236,2,221,False,13067451,2022/07/21,La opini√≥n es tuya
236,225,221,False,13067451,2022/07/21,La opini√≥n es tuya
225,86,175,False,23115178,2021/08/19,PAKATA (Official Video)
247,225,264,False,8975250,2022/04/06,Maquina de Dinero (feat. Kaly Ocho)
247,312,264,False,8975250,2022/04/06,Maquina de Dinero (feat. Kaly Ocho)
8,47,185,False,158063484,2022/10/19,Monoton√≠a
26,169,266,False,26321768,2022/09/02,El Pa√±uelo (Official Video)
59,79,248,False,58069773,2022/06/23,Si Te Preguntan... (Official Video)
59,231,248,False,58069773,2022/06/23,Si Te Preguntan... (Official Video)
79,554,209,False,5545935,2021/12/02,Veterana
248,250,264,False,2059417,2022/05/27,Cuando Te Toco
150,396,213,False,3492090,2022/09/06,Ambulancia (Visualizer)
43,169,242,False,565364298,2019/10/03,La Mejor Versi√≥n De Mi (Remix)
225,396,198,False,281506360,2020/11/25,BEB√â (Official Video)
249,28,268,False,60097829,2021/10/07,Ateo (Video Oficial)
79,8,199,False,547975717,2017/03/24,Deja vu (Official Video)
56,462,187,False,3691906,2022/10/06,AMANTES (Official Video)
169,555,229,False,151849633,2019/06/27,Canalla
250,556,221,False,3388018,2021/05/06,Una Mentirita
251,557,256,False,4319115,2020/01/13,Diez segundos
252,558,226,False,6390084,2017/09/14,No te dejo de pensar
252,559,221,False,2849037,2018/06/28,Cu√©ntale
251,169,242,False,73121141,2019/08/01,Me quedo
253,169,211,False,157339579,2019/08/29,El beso que no le di
254,560,246,False,253296,2021/03/04,En Cada Aniversario
255,561,159,False,22963962,2022/04/20,EU BEM QUE TE AVISEI - TU EMPINOU ELE PEI
256,562,239,False,13721544,2019/06/28,Empurra Que Eu Sou Puta (feat. Dj Elltinho)
257,255,133,True,61822,2022/04/14,Set Mandel√£o
257,563,133,True,61822,2022/04/14,Set Mandel√£o
257,564,133,True,61822,2022/04/14,Set Mandel√£o
258,255,134,False,23060,2022/04/06,Outra Dimens√£o
258,565,134,False,23060,2022/04/06,Outra Dimens√£o
259,566,234,False,449492324,2017/08/21,Abusadamente
260,445,124,False,32984045,2021/10/13,SUBIU AQUI NO MORRO - VOU TE APRESENTAR MINHA GLOCK DE 30 TIROS - Mc Danone (Funk de BH)Prod Frog
261,567,226,False,113832694,2017/07/31,Nossa Que Absurdo
262,568,149,False,3747679,2022/09/09,Eu Acho Que Vi um Gatinho
262,569,149,False,3747679,2022/09/09,Eu Acho Que Vi um Gatinho
263,570,280,False,37267467,2018/05/17,Arebunda
264,571,169,False,27224170,2019/02/21,√â rave que fala n√©
265,572,119,True,7144863,2021/06/05,Chamo Teu Vulgo Malvad√£o
265,455,119,True,7144863,2021/06/05,Chamo Teu Vulgo Malvad√£o
266,573,194,False,64161001,2018/09/03,Pampuda
266,574,194,False,64161001,2018/09/03,Pampuda
267,575,160,False,9990089,2020/08/08,Talarica
268,576,148,False,229458,2022/12/20,Se Ela Fudesse Comigo
268,577,148,False,229458,2022/12/20,Se Ela Fudesse Comigo
269,578,165,False,11349215,2018/05/29,Aquecimento Pras Novinhas
270,579,170,False,1329228,2022/06/08,Automotivo dos Magos (√Å Jun√ß√°o)
270,580,170,False,1329228,2022/06/08,Automotivo dos Magos (√Å Jun√ß√°o)
271,581,123,False,435694,2022/10/11,Quero Ver Esquecer O Pret√£o
272,582,139,False,513844,2022/05/12,Mini Game
272,583,139,False,513844,2022/05/12,Mini Game
273,444,160,False,161814,2022/09/02,Goxtosa
273,584,160,False,161814,2022/09/02,Goxtosa
262,568,171,False,104843,2022/08/31,Um Truque de M√°gica pra Enfeiti√ßar Voc√™
262,585,171,False,104843,2022/08/31,Um Truque de M√°gica pra Enfeiti√ßar Voc√™
274,586,148,False,44905,2022/10/14,Amor √â Ilus√£o (feat. MC Renatinho Falc√£o)
274,587,148,False,44905,2022/10/14,Amor √â Ilus√£o (feat. MC Renatinho Falc√£o)
267,588,153,False,10820,2022/12/16,Ai Que Sorte (feat. Dj Wendel Czr)
267,589,153,False,10820,2022/12/16,Ai Que Sorte (feat. Dj Wendel Czr)
275,590,129,False,62208,2022/07/08,"Set Delas (Sistema Bruto) (feat. DJ Cayoo, Camis, francy 7lc & Dj bel bertinelli)"
275,591,129,False,62208,2022/07/08,"Set Delas (Sistema Bruto) (feat. DJ Cayoo, Camis, francy 7lc & Dj bel bertinelli)"
125,592,145,False,52936,2022/08/02,Fala Ai
276,593,256,False,48582,2022/08/11,Toma Tapa (feat. Mc Laranjinha & Daan Mc)
276,594,256,False,48582,2022/08/11,Toma Tapa (feat. Mc Laranjinha & Daan Mc)
277,255,178,False,21878,2022/10/17,Sequencia de Sentadinha
273,595,143,False,38876,2022/07/10,Rei da Jogadinha
278,596,135,True,7559,2022/12/05,L√™ L√™ L√™ L√™ L√™
278,436,135,True,7559,2022/12/05,L√™ L√™ L√™ L√™ L√™
255,597,156,False,29692,2022/09/08,Vulgar ou Normal
279,293,252,True,7153,2022/12/06,Voa Abelhinha (Tropa Dos Pica Doce)
279,598,252,True,7153,2022/12/06,Voa Abelhinha (Tropa Dos Pica Doce)
280,599,113,True,12453,2022/11/10,Qual Vai Ser
281,600,306,False,51535,2022/04/05,"Set Dj Pablo Rb, o Mago das Cornetas"
281,284,306,False,51535,2022/04/05,"Set Dj Pablo Rb, o Mago das Cornetas"
282,455,150,False,23951,2022/09/01,Flin Thu Fly
282,439,150,False,23951,2022/09/01,Flin Thu Fly
283,436,136,True,11881,2022/10/24,Com a Potranca Tu Vai Descendo
284,601,157,True,9779,2022/10/19,Pode Come√ßar a Botar
285,602,118,True,12535,2022/09/22,Ent√£o Vai Galopar (feat. MC Guto VGS & DJ JHOW BEATS)
286,603,141,True,16378,2022/10/18,Final do Ano Ta Chegando
287,604,162,True,12781,2022/09/01,Bandido Balan√ßa Glock (feat. DJ Gbeats)
287,605,162,True,12781,2022/09/01,Bandido Balan√ßa Glock (feat. DJ Gbeats)
284,606,201,True,8027,2022/11/03,Passando a Lingua
288,607,148,True,8565,2022/10/06,Picol√© (feat. MC Mr Bim)
289,255,194,False,36312,2022/07/01,Vou Jogar pra Cima
289,125,194,False,36312,2022/07/01,Vou Jogar pra Cima
290,608,174,True,8842,2022/09/18,Catucadinha
291,609,144,False,11552,2022/07/29,Viagem em Copacabana (feat. MC GORDINHO DO CATARINA)
291,610,144,False,11552,2022/07/29,Viagem em Copacabana (feat. MC GORDINHO DO CATARINA)
292,611,119,False,10702,2022/07/28,Devagarin na Boneca
284,262,159,True,5336,2022/10/26,Presen√ßa Vip
284,601,159,True,5336,2022/10/26,Presen√ßa Vip
293,612,146,True,6254,2022/10/06,Mente Pra Fiel
294,286,152,True,32193,2022/07/14,A Novinha Ta Com 5 Namorados
295,613,137,True,10423,2022/07/21,Pr√≠ncipe Herdeiro
296,614,155,False,2458,2022/11/29,2 Tiros pro Alto
262,615,204,True,11424,2022/07/20,Na Sua Tcheca √â Vapo Vapo
262,585,204,True,11424,2022/07/20,Na Sua Tcheca √â Vapo Vapo
297,616,196,True,2491,2022/11/25,Mega Montagem Aguda
255,617,164,False,29778,2022/07/26,Vai Menino Ney
298,618,107,True,5010,2022/09/19,Desliza
299,619,166,False,21055,2021/07/28,Vem Balan√ßando
300,620,138,False,1862,2022/11/29,Pega Ex Pode Sim
301,621,122,True,9884,2022/05/10,Hoje Tem Plant√£o
255,297,158,True,7492,2022/12/11,Abdo Dj N√£o Fica S√≥ Com Voc√™
255,601,158,True,7492,2022/12/11,Abdo Dj N√£o Fica S√≥ Com Voc√™
302,622,171,True,3666,2022/10/06,Faz o Sinalzinho
302,623,171,True,3666,2022/10/06,Faz o Sinalzinho
290,624,169,True,6360,2022/07/10,Calma Cora√ß√£o
290,608,169,True,6360,2022/07/10,Calma Cora√ß√£o
303,568,210,True,3616,2022/09/27,"No Pique do Neymar (feat. MC Talib√£, MC DU9, Dj Noguera & Central dos Bailes)"
303,625,210,True,3616,2022/09/27,"No Pique do Neymar (feat. MC Talib√£, MC DU9, Dj Noguera & Central dos Bailes)"
304,593,135,True,4034,2022/09/13,Visitinha (feat. Dj 2d do paraiso)
304,626,135,True,4034,2022/09/13,Visitinha (feat. Dj 2d do paraiso)
3,144,222,False,716124107,2019/06/27,Amor A Primera Vista (feat. Horacio Palencia)
3,109,222,False,716124107,2019/06/27,Amor A Primera Vista (feat. Horacio Palencia)
43,169,242,False,565364298,2019/10/03,La Mejor Versi√≥n De Mi (Remix)
305,169,278,False,142225622,2019/08/15,Ileso
306,107,179,False,17724746,2020/01/30,Cartagena
222,357,248,False,3010912,2022/03/25,El Hombre Necio
144,522,213,False,7793609,2022/04/21,Esa Parte De M√≠
144,523,213,False,7793609,2022/04/21,Esa Parte De M√≠
307,627,135,False,1941887,2020/01/16,No Te Fijes Que Soy T√≠mido (En Vivo Desde Villahermosa)
308,219,261,False,1980181,2019/10/13,El Noa Noa (Remix) (feat. Celso Pi√±a & Mexican Institute Of Sound)
309,184,228,False,777711,2020/03/12,Saborearte de Nuevo (Remix)
307,628,138,False,96687,2019/12/19,La Il√≥gica
310,317,177,False,110996,2020/10/02,Se Puso Bizcocho
311,238,186,False,3665622,2020/09/30,Privity
229,629,205,False,8585957,2021/07/29,Esta Si
229,536,205,False,8585957,2021/07/29,Esta Si
312,232,161,True,2971838,2021/10/13,Bagre
225,536,224,False,5767391,2021/10/19,Tamo en Hoja
225,630,224,False,5767391,2021/10/19,Tamo en Hoja
225,631,197,False,1176711,2022/03/17,GALAPIN
225,228,197,False,1176711,2022/03/17,GALAPIN
313,319,169,False,863906,2021/09/06,Eo Eo
314,632,179,False,2125725,2021/08/05,Sin Placa
225,312,238,False,5376212,2022/01/11,Tontoron Tonton
225,228,238,False,5376212,2022/01/11,Tontoron Tonton
229,211,181,False,12508998,2021/04/23,Se Me Nota (Agarrame) (Prod. by B-One)
225,228,172,True,7881987,2021/03/30,Arrebatao
225,318,184,False,1318246,2021/12/22,Mamiferos
225,228,248,False,3512763,2021/05/25,"Acuetate (feat. Yomel el Meloso, Haraca Kiko, Capitan Aloo & El Fother)"
225,238,248,False,3512763,2021/05/25,"Acuetate (feat. Yomel el Meloso, Haraca Kiko, Capitan Aloo & El Fother)"
315,226,234,False,1779769,2021/04/22,Decomputao
225,633,219,True,43336266,2021/04/07,La Mam√° de la Mam√° (feat. El Cherry Scom)
225,228,219,True,43336266,2021/04/07,La Mam√° de la Mam√° (feat. El Cherry Scom)
316,229,232,False,34653890,2021/08/19,Loco
316,378,232,False,34653890,2021/08/19,Loco
317,634,163,False,301601,2021/05/27,Picante
317,312,163,False,301601,2021/05/27,Picante
7,360,225,True,140404025,2021/12/09,Desesperados
312,635,126,True,1135222,2022/01/17,Necio
225,228,174,True,32962790,2022/04/07,Gogo Dance
318,636,162,False,614328,2021/10/25,Piki Pau
318,242,162,False,614328,2021/10/25,Piki Pau
312,318,189,True,1903054,2022/05/10,Ahi Si Si Si
30,360,179,True,271608105,2022/05/05,Me Porto Bonito
319,312,143,False,390054,2021/12/15,Kaly Pool Party
