nombre,id,idYTMusic,colaboracion,subscriptores,views
Quevedo,0,UC7PL9aor5qNRhvhWWVXyOqA,"['Myke Towers', 'Bizarrap', 'Ovy On The Drums', 'Mora', 'Linton', 'Bad Gyal', 'Mora', 'Polima Westcoast', 'Bizarrap', 'De La Ghetto', 'Duki']",1.16M,"350,625,317 views"
Arcangel,1,UCVcAt8IIKIeubRSigcYXgtA,"['Bad Bunny', 'Sech']",10.8M,"4,895,542,876 views"
Farruko,2,UC6QXZsAOOweLfhVPbqMyG4g,"['Omar Montes', 'Rauw Alejandro', 'Natti Natasha', 'Justin Quiles', 'Sean Paul', 'Nicky Jam', 'Amenazzy', 'Don Omar', 'Myke Towers', 'Rvssian', 'J Balvin', 'Rauw Alejandro', 'Anuel AA', 'Zumbi', 'Rauw Alejandro', 'KEVVO', 'Chencho Corleone', 'Natti Natasha', 'Justin Quiles', 'Nicky Jam', 'Amenazzy', 'Rauw Alejandro', 'Nicky Jam', 'Amenazzy', 'Rvssian', 'J Balvin', 'Nicky Jam', 'Amenazzy', 'Lenier']",18.4M,"8,992,773,404 views"
Belinda,3,UC8tw8d2POmc3Lt8t1bmgl9Q,"['Ana Mena', 'Ana Mena', 'Los Ángeles Azules', 'Lalo Ebratt']",872K,"355,133,189 views"
Aitana,4,UCkyzcFsGWVYSUGaR7YB9OYQ,['Sangiovanni'],2.16M,No info
Abraham Mateo,5,UCql3y41dHUh9JoPHMedvCbQ,['Ana Mena'],4.63M,"1,830,377,958 views"
Melendi,6,UCl4jq8XKq5X0ZL5p_xVMmZA,['India Martínez'],4.43M,"3,796,843,482 views"
Rauw Alejandro,7,UCw_m17sBd4GHxuK83-AZtuA,"['Baby Rasta', 'Lyanno', 'Brray', 'Baby Rasta', 'Lyanno', 'Brray', 'Chencho Corleone', 'Chencho Corleone', 'Mr. NaisGai', 'Lyanno', 'Brray', 'Chencho Corleone', 'Baby Rasta', 'Lyanno', 'Brray', 'Chencho Corleone', 'Chencho Corleone', 'Chencho Corleone', 'Chencho Corleone', 'Chencho Corleone']",12.4M,"10,357,577,775 views"
Shakira,8,UCo6JijJGA3IvIiPsawDK3Ww,"['Ozuna', 'Rauw Alejandro', 'Ozuna', 'Ozuna', 'Rauw Alejandro', 'Anuel AA', 'Pedro Capó', 'Camilo', 'Maluma', 'Ozuna', 'Ozuna']",39.6M,"25,297,222,232 views"
Ptazeta,9,UCI9q5A6SUN37p0gM01E1R4Q,"['Emilia', 'Aitana', 'Emilia', 'Aitana', 'Emilia', 'Aitana']",383K,No info
KAROL G,10,UC7n3gWRN0vQzgiOKc51aZ4w,"['Maldy', 'Ovy On The Drums', 'Maldy', 'Maldy', 'Nicki Minaj', 'Anuel AA', 'Feid', 'Maldy', 'Anuel AA', 'Daddy Yankee', 'Anuel AA', 'Ovy On The Drums', 'Maldy', 'Feid', 'Nicki Minaj', 'Simone & Simaria', 'Anuel AA', 'Daddy Yankee', 'Nicki Minaj', 'Anuel AA', 'Mariah Angeliq ', 'Feid', 'Nicki Minaj', 'Anuel AA', 'Daddy Yankee', 'Anuel AA', 'Anuel AA', 'Daddy Yankee', 'Anuel AA', 'Anuel AA']",28.9M,"15,595,813,288 views"
Bizarrap,11,UCONiUl5u7y2bMaVZJcuRDEQ,['Duki'],16.7M,"5,948,065,983 views"
Ñengo Flow,12,UCeNt9djCuN7-Vr5J3kK_GkQ,"['Bad Bunny', 'Bad Bunny', 'Bad Bunny']",4.33M,"1,358,277,057 views"
Yandel,13,UCc1QpDE0iT0n6ZLckjflNHw,"['Feid', 'Feid', 'Tiago PZK', 'Arcangel', 'Rauw Alejandro', 'Anuel AA']",5.47M,"3,834,466,027 views"
Jairo deRemache,14,UC0rxntgJfUecm5h_d6mY8eg,"['Omar Montes', 'Farruquito']",195,No info
India Martínez,15,UCJbpTwP22V6baVULM7-J4Bw,['Andy Rivera'],1.01M,"717,234,886 views"
Myke Towers,16,UCYPsIfSIEwWcoynHBP5k1dg,"['Tiago PZK', 'Daddy Yankee', 'Daddy Yankee', 'Tiago PZK', 'DJ Nelson', 'Jay Wheeler', 'Juhn', 'DJ Nelson', 'Jay Wheeler']",9.62M,No info
Rema,17,UCy6qn2oxmoXA4_gBA5Q7zPw,['Selena Gomez'],2.71M,"827,650,997 views"
Duki,18,UCtLchRAZex11gn-ah1_1Pgw,"['Cris Mj', 'Nicki Nicole', 'Cris Mj', 'Nicki Nicole']",6.61M,"2,613,582,751 views"
Alain Pérez,19,UCyU8vQ_a9O7ErFoaEiuM4Cg,"['Original Elias', 'Big Lois']",16.4K,No info
Lola Indigo,20,UCydg_dYqBrPZ4-X1MnxD37A,['Maria Becerra'],1.25M,"698,366,223 views"
Wiso Rivera,21,UCwfvKaHqW4r64dOurVFzD9A,"['Cruz Cafuné', 'Juseph']",175,No info
Oliver Tree,22,UCoOFEu6s0wk7CUljMh8wisw,['Robin Schulz'],4.52M,"1,355,364,559 views"
David Guetta,23,UCh-4c1ZoBPNP1C8c-7iVvUQ,['Bebe Rexha'],24.9M,"16,734,156,124 views"
Subelo Neo,24,UCYEfkGCYwm66_W3xj6zaD4Q,"['Rauw Alejandro', 'Rauw Alejandro']",27,No info
JC Reyes,25,UCXGll6UzxbSdLO1_w7rP22g,"['Pablo Chill-E', 'Ecko', 'Pablo Chill-E', 'Ecko']",18.6K,No info
ROSALÍA,26,UCeYz6rzUGhVwqxRM37FUo8w,"['Romeo Santos', 'Romeo Santos', 'Romeo Santos', 'Romeo Santos']",10M,"4,754,527,121 views"
RVFV,27,UCj6HoOP59UGegqUC-fu4Wlg,['Duki'],992K,No info
C. Tangana,28,UCLuHOvsT_LbOGVjqmXudvBg,"['Omar Montes', 'Becky G', 'Becky G']",2.24M,"1,384,979,241 views"
Anuel AA,29,UCbBaYg2UToDaoOwo-R6xi4g,"['Chris Jedi', 'Gaby Music', 'Jowell & Randy', 'De La Ghetto', 'Yailin la Mas Viral', 'Chris Jedi', 'Gaby Music', 'Chris Jedi', 'Ñengo Flow', 'Chencho Corleone', 'Randy Nota Loca', 'Zion', 'Tainy', 'Ozuna', 'Chris Jedi', 'Ñengo Flow', 'Chencho Corleone', 'Rauw Alejandro', 'Daddy Yankee', 'Ozuna', 'Sech', 'Brytiago', 'Daddy Yankee', 'Natti Natasha', 'Rauw Alejandro', 'Chris Jedi', 'Gaby Music', 'MVSIS', 'Chris Jedi', 'Ñengo Flow', 'Chencho Corleone', 'Rauw Alejandro', 'Rvssian', 'Juice WRLD', 'Ozuna', 'Tainy', 'Ozuna', 'Chris Jedi', 'Gaby Music', 'Tainy', 'Ozuna', 'Tainy', 'Ozuna', 'Daddy Yankee']",23.5M,"12,893,697,831 views"
Bad Bunny,30,UCiY3z8HAGD6BlSNKVn2kSvQ,"['Bomba Estéreo', 'Daddy Yankee', 'Jhay Cortez', 'J Balvin', 'Jhay Cortez', 'Tainy', 'Jowell & Randy', 'Ñengo Flow', 'J Balvin', 'Jhay Cortez', 'Jhay Cortez', 'Jowell & Randy', 'Ñengo Flow', 'J Balvin', 'Jhay Cortez', 'Farruko', 'Natti Natasha', 'ROSALÍA', 'Tainy', 'Sech', 'J Balvin', 'ROSALÍA', 'Jhay Cortez', 'Anuel AA', 'Dua Lipa', 'Tainy', 'J Balvin', 'Daddy Yankee', 'YAVIAH', 'Mora', 'J Balvin', 'Jhay Cortez', 'Tainy', 'J Balvin', 'J Balvin', 'Jhay Cortez', 'Jhay Cortez', 'Anuel AA', 'Jowell & Randy', 'Ñengo Flow', 'Tainy', 'ROSALÍA', 'Bomba Estéreo', 'J Balvin', 'Farruko', 'J Balvin', 'Jhay Cortez', 'Jhay Cortez', 'Jowell & Randy', 'Ñengo Flow', 'Jennifer Lopez', 'Wisin & Yandel', 'Wisin', 'Tainy', 'J Balvin', 'Chencho Corleone']",45M,"27,924,908,184 views"
Nyno Vargas,31,UCcOkTwhObuMSEyPSPsccC_g,"['Khaled', 'Los Yakis']",630K,No info
Manuel Turizo,32,UCfh2j2Dq-aSeLhzuPOsnhVg,"['Piso 21', 'Ozuna', 'Feid', 'Arcangel', 'Myke Towers', 'Rauw Alejandro', 'Ozuna', 'Mau y Ricky', 'Camilo', 'Anuel AA', 'Ozuna', 'Ozuna', 'Mau y Ricky', 'Camilo', 'Fuego', 'Duki']",9.14M,No info
Beret,33,UCz34FayZhwHJNdCLqhwVYaw,['Estopa'],4.57M,"1,469,904,439 views"
María Artés Lamorena,34,UCIor0JghnFIMBOjfstqWPyg,"['La Cebolla', 'MAKI']",127K,No info
Galvan Real,35,UC0r04hp-02vxsjHBVlm4F3A,['María Artés Lamorena'],421K,No info
Cano,36,UCumOUWYBPRw2pxGl7QGeiRw,"['El Jhota', 'Los del Control']",185K,No info
Snow Tha Product,37,UC75nukWj1GP0V62KVH7WvzQ,['Santa Fe Klan'],1.99M,"357,717,048 views"
Jhayco,38,UChZEzxer-QvRMbADJJGOMuQ,"['Feid', 'Sech', 'Myke Towers', 'Anuel AA', 'Myke Towers', 'Mora', 'Sech', 'Mora', 'Feid', 'Sech']",4.76M,"3,769,860,800 views"
Wisin,39,UCFVg6y3fZO7OVFbmoGfNdhQ,"['Jowell & Randy', 'Nicky Jam', 'Nicky Jam', 'Ozuna', 'Don Omar', 'Gente de Zona']",7.42M,"6,167,158,387 views"
Punto40,40,UC3olP0E2KSYpewQsautWmIA,['Marcianeke'],84.8K,No info
Mora,41,UCgDpp8Ex8Yz6hhHjbl3W5mg,"['De La Ghetto', 'Feid', 'Bad Bunny', 'Sech', 'Feid', 'Bad Bunny', 'Sech']",1.84M,"1,472,928,946 views"
Blessd,42,UC3vpYFFzqIzsXbMgneDTSeQ,"['De La Ghetto', 'Darell', 'Ryan Castro']",2.03M,"1,467,759,549 views"
Natti Natasha,43,UCqMwRUFZ6APDCsz61zEdhKQ,"['Maria Becerra', 'Ozuna', 'Becky G', 'Thalía', 'Maria Becerra', 'Ozuna', 'Thalía', 'Thalía', 'Daddy Yankee', 'Pitbull', 'Romeo Santos', 'Romeo Santos']",12M,"7,623,367,273 views"
Young Miko,44,UCJzwfOuHuaB6DuPfh6rrPoA,['Vf7'],7.04K,No info
Maluma,45,UCtKIuEMDzPlUmPgdwBhiGcg,"['Chencho Corleone', 'Chencho Corleone', 'Blessd', 'Chencho Corleone', 'Jennifer Lopez', 'GIMS', 'Becky G', 'Farina', 'J Balvin', 'Wisin', 'De La Ghetto', 'GIMS']",29M,"20,352,847,201 views"
De La Ghetto,46,UCf3TsqO9Ysrw8k63aHg4O5A,"['Rauw Alejandro', 'Daddy Yankee', 'Ozuna', 'J Balvin']",2.89M,"1,216,061,682 views"
Ozuna,47,UCKEFjh4JL-OyMI8z3h5Coaw,"['Tiago PZK', 'Karol G', 'Myke Towers', 'Tiago PZK', 'Sech', 'Tokischa', 'Karol G', 'Myke Towers', 'Camilo', 'Daddy Yankee', 'ROSALÍA']",35.8M,"22,180,305,292 views"
Wisin & Yandel,48,UCJ0-R-v3CaJNYMqfp9tivqA,"['Natti Natasha', 'Daddy Yankee', 'Daddy Yankee', 'Daddy Yankee', 'Daddy Yankee']",7.05M,"5,910,791,278 views"
Robi,49,UCpjGA1q99cLKEvKlULb1Llw,"['Alejo', 'Feid', 'Alejo', 'Feid']",32.7K,No info
Aventura,50,UCDaQK4nrsvz27YzufrhJfgg,"['Bad Bunny', 'Romeo Santos', 'Bad Bunny', 'Romeo Santos', 'Bad Bunny', 'Romeo Santos']",6.17M,"6,713,403,823 views"
Crissin,51,UC_Q2Ob7v-SlNlOiqHNrWQLw,"['Natan & Shander', 'Totoy El Frio', 'Natan & Shander', 'Totoy El Frio']",15.5K,No info
Ryan Castro,52,UCDxiGGtBV3CQiE-NKLEFgUg,"['Feid', 'SOG', 'Feid', 'SOG']",2.37M,No info
Lenny Tavárez,53,UCpOtgk_uRB6PZK47wUXXlVQ,"['Blessd', 'Justin Quiles', 'Blessd', 'Justin Quiles', 'Justin Quiles', 'Dalex', 'Rauw Alejandro', 'Dalex', 'Brytiago', 'Farruko', 'Dalex', 'Natti Natasha']",3.08M,"850,960,307 views"
Lunay,54,UCPJQHfMDWwUdrKPkZfZNA0Q,"['Lenny Tavárez', 'Juhn', 'Beéle', 'Bad Bunny', 'Daddy Yankee', 'Bad Bunny', 'Daddy Yankee', 'Bad Bunny', 'Daddy Yankee', 'Bad Bunny', 'Daddy Yankee', 'Anuel AA', 'Ozuna', 'Bad Bunny', 'Daddy Yankee', 'Bad Bunny', 'Daddy Yankee']",5.13M,"2,352,134,062 views"
Nio Garcia,55,UCSBeb5-yOlKqw1lS95ciqcA,"['Bad Bunny', 'J Balvin', 'Bad Bunny', 'J Balvin', 'Myke Towers', 'Anuel AA', 'Lenny Tavárez', 'Rauw Alejandro', 'Bad Bunny', 'J Balvin', 'Flow La Movie', 'Casper Magico', 'Bad Bunny', 'J Balvin']",1.33M,No info
Becky G,56,UC3UkDuAQjoRvTH7OEWm3cHQ,"['Natti Natasha', 'Paulo Londra', 'KAROL G', 'Paulo Londra', 'Natti Natasha', 'Natti Natasha', 'Natti Natasha', 'Daviles de Novelda', 'Natti Natasha', 'Daviles de Novelda']",20.8M,"10,007,121,763 views"
J Balvin,57,UCWw-Guyr5ul9B-d5kJlHMng,"['Maria Becerra', 'Sech', 'Daddy Yankee', 'Zion & Lennox', 'Jowell & Randy', 'Ozuna', 'Chencho Corleone', 'Sech', 'Black Eyed Peas', 'Zion & Lennox', 'Zion & Lennox']",33.9M,"22,217,021,806 views"
Dimelo Flow,58,UCFc1GajMRv1jh4BIDj_n93g,"['Arcangel', 'Lenny Tavárez', 'Wisin', 'Dalex', 'Arcangel', 'Arcangel']",666K,"359,530,523 views"
Nicky Jam,59,UCMJ705HLB_EflTzWDAjcKSQ,"['Ozuna', 'J Balvin', 'Ozuna', 'Anuel AA', 'J Balvin', 'Dalex', 'Justin Quiles', 'Sech', 'Mau y Ricky', 'Ozuna', 'J Balvin', 'Enrique Iglesias', 'Luis Fonsi', 'Sebastián Yatra', 'Ozuna', 'Rauw Alejandro', 'Alex Sensation', 'J Balvin', 'Ozuna', 'Prince Royce', 'Jay Wheeler', 'Prince Royce', 'Jay Wheeler']",23.3M,"15,412,392,703 views"
Brytiago,60,UCoEnXQjMHQX-5EEjhDMMXtQ,['Darell'],5.28M,"3,157,438,240 views"
Dalex,61,UCXTtAAlWYj1RCVPZ-PYWoqA,"['Sech', 'Rich Music, Ltd']",6.13M,"4,006,043,352 views"
Feid,62,UCc3e8O2V5_7OA300ursDyFQ,['Justin Quiles'],3.79M,"3,321,023,741 views"
Los Legendarios,63,UCu9edbv_LWcPQTOmP4FpOtg,"['Jhayco', 'Wisin', 'Anuel AA']",55.6K,"165,838,837 views"
Sean Paul,64,UCnCNNA05VZcH8wVJYtC-6ew,"['J Balvin', 'J Balvin', 'J Balvin']",4.37M,"2,795,037,032 views"
DJ Luian,65,UC5UPgDCYyAxG8Yjq-0I_xTw,"['Mambo Kingz', 'Nicky Jam', 'Darell', 'Anuel AA', 'Nicky Jam', 'Darell', 'Anuel AA', 'Mambo Kingz', 'Ozuna', 'Mambo Kingz']",529K,No info
Marc Anthony,66,UC22hscWzcVvD_CEPiuaOIbQ,"['Will Smith', 'Bad Bunny']",6.69M,"6,113,199,740 views"
Piso 21,67,UCpe8GCklSIBcxULLHbhQwpQ,['Micro TDH'],7.57M,"6,677,373,811 views"
DJ Snake,68,UC0c4bK_92XYr0YtASqqWOJg,"['J Balvin', 'Tyga', 'J Balvin', 'Tyga']",23.9M,"8,019,459,045 views"
ChocQuibTown,69,UCZq8jIlmIqSeb079Hr80BEw,"['Becky G', 'Farruko', 'Zion & Lennox']",1.15M,"792,298,261 views"
Almighty,70,UCRDGcK3rFRn6VImxBUQVanA,['Luar La L'],3.11M,"700,761,904 views"
TINI,71,UCBDXpukZYpWw54QCbEGdsZw,"['Becky G', 'Anitta']",8.02M,"3,864,741,982 views"
Jhanking,72,UCzW2_JGlRYb09uKyZ8uI_Zg,"['Lele Music', 'el goldo de las conec']",10.9K,No info
Trumpmoney,73,UCcOz_kTFH_rrLF47WVphoXQ,"['andres yuma', 'Vadi']",111K,No info
Randy,74,UCq5lNggfaWwSiM_W032Ac5A,"['De La Ghetto', 'Cazzu']",890K,No info
Reik,75,UCJ3jO8eOeYGrKNJ-TmQoV3w,"['Maria Becerra', 'Morat', 'Maluma', 'Maluma']",9.6M,"7,852,878,693 views"
Tiago PZK,76,UCjYEamX786QxvyO527ezaaw,"['Trueno', 'LIT killah', 'Maria Becerra', 'Nicki Nicole']",3.98M,"1,488,570,508 views"
Abhir Hathi,77,UCYqIXahUqVJHiF_7Ca9kMDA,['EL IMA'],15.3K,No info
Prince Royce,78,UC1amDmVt3wHmB7zKpkmf3rg,"['Maria Becerra', 'Maria Becerra', 'Elvis Martinez', 'Shakira']",10M,"5,910,181,399 views"
Ñejo,79,UC73Rz2XUqTynb5plO5g1e_w,"['Ryan Castro', 'Andy Rivera']",2.53M,No info
Rei,80,UCxj1FOny1CnD6_P5vIygG4w,"['Quevedo', 'BANDIDO', 'Duki']",906K,No info
Rusherking,81,UC68p6YG34KOL19VezkzaLwA,['Dread Mar I'],2.12M,No info
Travis Scott,82,UCf_gP4AMRSgAfyzbkeS9k4g,['ROSALÍA'],16.4M,"7,537,793,284 views"
Pedro Capó,83,UCel_aU5VwTOSWlunrQ89UBQ,['Camilo'],6.79M,"3,392,728,403 views"
Karol G,84,UC7n3gWRN0vQzgiOKc51aZ4w,['Anuel AA'],28.9M,"15,595,813,288 views"
Darell,85,UCVsfgFfzYNMJvcQLDYT7fHw,"['El Alfa', 'Noriel']",3.12M,"1,199,213,823 views"
Sky Rompiendo,86,UCSTtXdKn1Dmx28ufElKiaqQ,"['Myke Towers', 'Rauw Alejandro']",359K,"178,673,412 views"
Luis Fonsi,87,UCk91oFc2hY2CdHirU93baLg,"['Rauw Alejandro', 'Demi Lovato', 'Ozuna']",31.2M,"14,788,245,374 views"
Chyno Miranda,88,UCKIxJ-kUSqhXUL5H-9brFcg,"['Chino & Nacho', 'Nacho', 'J Balvin']",807K,"290,988,046 views"
CNCO,89,UCYkfG1iLz04t-X2WTsSO4Dw,['Natti Natasha'],11.9M,"7,049,532,303 views"
Tainy,90,UCeN6GRz4bN054slorYxms0w,"['J Balvin', 'J Balvin']",2.17M,"1,778,366,042 views"
Evaluna Montaner,91,UCvPUs3Cm_Ioeihsy7ASXwLQ,['Camilo'],3.72M,"626,420,900 views"
Carlos Vives,92,UC4mhBXLZXLSffhVsrSsTdCQ,['Sebastián Yatra'],5.72M,"5,174,403,104 views"
Sebastián Yatra,93,UCXP8o4Xcws36pgpFNlGGBeg,"['Mau y Ricky', 'Mau y Ricky']",17.7M,No info
Chacal,94,UCJt4IsSmUjqTaamhCJoKK_g,"['Lenier', 'El Micha', 'Baby Lores', 'El Micha', 'Los 4', 'Lenier']",446K,"268,588,383 views"
Kim Loaiza,95,UCtGHTwNL20Y3fY9bumjHDOw,['Ovy On The Drums'],14.4M,"1,331,899,550 views"
Lit Killah,96,UC1qoOeueDduCF1S6xnXYmqA,['Tiago PZK'],5.64M,No info
Skrillex,97,UCibXKvuw5PoJVmyZJ4qhDIw,['J Balvin'],20M,"6,430,995,292 views"
Sech,98,UCXhOBsxGZ3TkeaYIW5LAHfA,['Daddy Yankee'],9.74M,"5,564,202,846 views"
Descemer Bueno,99,UCp0C7rQ8oJ5sn_7_mDbub8A,['Andra'],135K,"87,157,782 views"
Kendo Kaponi,100,UCLsG7r1pfUddC5VUI8Ero4g,"['Farruko', 'Anuel AA']",1.34M,"344,359,419 views"
El Kamel,101,UCPnWcazEV7QM0H7qBx6NVXg,['Juaco'],109K,No info
Boy Wonder CF,102,UC3IgJrS1IQIA94o27aKo-8Q,"['Bryant Myers', 'Baby Rasta', 'Cosculluela', 'Shootter Ledo']",19.2K,No info
J Menez,103,UCARR0lfCeeMhwL4uiWVDC9w,"['Arcangel', 'Jon Z']",34,No info
KHEA,104,UCtdeqcj1VRfkxCZ427miDMQ,"['Eladio Carrion', 'Noriel', 'Eladio Carrion', 'Noriel']",4.84M,"1,647,487,203 views"
Pacho El Antifeka,105,UCAv5hmBopmA80uNfPOQ4uYg,['Daddy Yankee'],320K,No info
Santana The Golden Boy,106,UC41R6sIP1KOZqxLONheeIWQ,"['Amenazzy', 'Noriel']",6.93K,No info
Silvestre Dangond,107,UCHgCGCFOoCaY6IB3nJC17Yg,"['Natti Natasha', 'Reik']",5.68M,No info
Greeicy,108,UCkurR0SHjTh55G-or6U-5xg,['Anitta'],5.55M,No info
Lalo Ebratt,109,UCFKMn3pbbaDwC0tuURgh9Eg,['Trapical'],918K,"498,864,986 views"
Plan B,110,UCptlL_RcC46JkGIcjkNspnA,['Justin Quiles'],5.59M,"3,866,675,502 views"
MC Ryan SP,111,UCVRLEQf_wH8zFb4qCfXqDXw,"['Mc Daniel', 'Mc Kadu', 'MC Joãozinho VT', 'MC Magal']",672K,No info
MC Cabelinho,112,UCuHcGlgGFESTD7kTsBgCG-A,"['Ariel Donato', 'Ariel Donato']",2.23M,No info
MC MENOR HR,113,UCTAQXxH14ygzlc0bPH7Jo7A,"['MC MENOR SG', 'DJ ESCOBAR', 'MC MENOR SG', 'DJ ESCOBAR']",36.8K,No info
MC Livinho,114,UC1oMv_rIbwb7KavdiN5EWvQ,"['Mc Paiva ZS', 'MC Ryan SP', 'MC Ryan SP']",3.01M,No info
Kotim,115,UC-XxvSPMHf6vWhijl2_1c_g,"['Mc Paiva ZS', 'MC Ryan SP', 'Mc Paiva ZS']",3.15K,No info
MC Marks,116,UCGT7CQV3ZO3YGtCtLHNkT2Q,"['Mc IG', 'Mc Davi']",3.54M,No info
Dj LK da Escócia,117,UCgmiPii9xGO-xmp8rgN04tQ,"['Tchakabum', 'MC Ryan SP', 'DJ Breno', 'MC Livinho', 'Tchakabum', 'MC Ryan SP']",22.6K,No info
Mainstreet,118,UCxTfAlxexS9LTVpgfWfGnkA,['Chefin'],29.6K,No info
MC Don Juan,119,UCEJrzcV4RkXIpzKUhTYX-Sg,"['MC Ryan SP', 'MC Hariel', 'Mc Paiva ZS', 'Mc Davi', 'MC G15', 'MC Ryan SP', 'MC Hariel']",1.55M,No info
Djonga,120,UCh7u19KFpc6VMUyx_kQ_ErA,['MC Hariel'],2.24M,No info
L7NNON,121,UCPxwQAAQF-erZ8N83_mi22A,"['DJ Biel do Furduncinho', 'Bianca', 'DJ Bel da CDD', 'Os Hawaianos']",3.21M,No info
WIU,122,UCq6oOchdrstuKgv8d3kV3Dw,"['MC Ryan SP', 'MC Ryan SP']",101K,No info
Mc Piedro,123,UCOgmto9WYDbUIqMO-f6e7cw,"['Love Funk', 'MC Lemos', 'Mc Lipi ']",2.2K,No info
Veigh,124,UC7UjEC2p_CtXJXd_f48LI6w,"['MC Hariel', 'Mc Kitinho']",19.8K,No info
MC Teteu,125,UCUUt7DS3x4VKdx8q9BDmveQ,"['JC NO BEAT', 'DJ F7', 'Dj Serpinha']",134K,No info
DJ GBR,126,UCY5HngkMmxgt5lUYnnnM9nQ,"['Mc IG', 'MC Ryan SP', 'MC Marks']",248K,No info
DJ TAK VADIÃO,127,UC3ejGvTLyAgo6OjnM3mVbyA,"['dj sv', 'Mc Gabzin']",2.41K,No info
Luísa Sonza,128,UCuPnO05OM95aA1kVQ2tEFPQ,"['Davi Kneip', 'Mc Frog e Mc Leozin', 'Dj Gabriel do Borel', 'Luan Santana', 'Xamã']",7.87M,"2,125,649,115 views"
MC Tairon,129,UChfh_GSdDxrI_dVgtM2m-Ag,"['Mc Vitin da Igrejinha', 'Dj Win', 'MC Braz', 'Dj Win']",51.1K,No info
Gabb MC,130,UCt20S0u764gn9KxZUS5Nr4w,"['Mc Paiva ZS', 'Mc Kadu']",16K,No info
DJ Boy,131,UCw0C6r4tnLwy1GNzcLxBrWQ,"['Mc Kako', 'MC V7']",197K,No info
Love Funk,132,UCKEZ3EVegBelxQGgP1gh_iA,"['Kotim', 'Mc Paiva ZS']",6.42K,No info
Dyamante DJ ,133,UCMXZrqW8g8V9KCkeYBUagFQ,['MC GW'],10.1K,No info
Mc Paiva ZS,134,UC1F9t_RXoETqKkI4mqLb3xw,['Kotim'],139K,No info
Mc IG,135,UCy8mM-ay_amwlPoX2Vc6dBA,"['MC Ryan SP', 'DJ GBR', 'MC Joãozinho VT', 'MC Hariel']",280K,No info
MC Cebezinho,136,UClOBniuDdn5Rwnr3mP--u2w,"['Mc Paiva ZS', 'MC Ryan SP']",21.8K,No info
MC Hariel,137,UCZEu7IEubkJEBuNVIsCO3bg,"['Mc IG', 'Felipe Araújo']",1.54M,No info
MC Joãozinho VT,138,UCEWsUvm0WtG5jFFgr9u5PXQ,"['MC Don Juan', 'MC Ryan SP']",154K,No info
MC Kelvinho,139,UCJ1QZPoECRW-eTp0CEalvSQ,"['Mc Paiva ZS', 'MC Ryan SP']",54.1K,No info
Alexander Delgado (Gente D' Zona),140,UCb6I84uAdPiLw3A_ypU3gnA,['Nesty'],27,No info
Cardi B,141,UCoIp9Cj1l7k63B90hFg38Zw,['ROSALÍA'],18.7M,No info
Puerto Rican Power,142,UCTTxR9ar3n24tCV5cwfJTxQ,['Olga Tañon'],73.7K,"110,893,749 views"
Christian Alicea,143,UCSOgRRwjSlsQzbNqZSNNeHQ,['DJ Buddha'],14.3K,No info
Los Ángeles Azules,144,UCbjHMB9FdaTig0UyrwGNYHA,"['Juanes', 'Guaynaa', 'Sofia Reyes', 'Esteman', 'Nicki Nicole', 'Guaynaa', 'Sofia Reyes', 'Esteman']",8.5M,"10,740,825,599 views"
Daddy Yankee,145,UCXRloA7YFgCfd6sU2_Y12cA,"['Marc Anthony', 'Marc Anthony']",37.5M,"21,602,632,128 views"
Antony Santos,146,UCbYOXeuF-NfKAVp0ZqIaBnA,['Ozuna'],685K,"484,458,647 views"
Don Omar,147,UCTrIOPtBeAN2E0R-sgU9JxA,['Lil Jon'],9.8M,"8,514,137,676 views"
Justin Timberlake,148,UC6VwktUsQQDCkHG1h6YftAQ,['Romeo Santos'],10.1M,"6,831,050,432 views"
Gente de Zona,149,UCl2KQVc_GFH081i7b9CJQug,['Maffio'],3.03M,"2,961,411,227 views"
Camila Cabello,150,UCsZIVNwBqtPBX-41kO_rQzQ,"['Camilo', 'Camilo']",16.1M,"6,336,369,028 views"
Daniel Santacruz,151,UCjvediIPs_e1uIBlHt0oT5Q,['Nacho'],621K,"366,764,230 views"
Leoni Torres,152,UCnpUiBSTMe83OBKBwm2k2zA,['Diana Fuentes'],379K,No info
Tito Nieves,153,UCUy2SaC4ovXQ0Kej7Q7CvJA,"['Norbert', 'Daniela Darcourt', 'Norbert']",293K,"217,771,147 views"
G combo,154,UCCZtUmexZfpF-C_Lq-ym2Sw,['Owem-G'],117,No info
Fuerza Regida,155,UC0kxNxFQCK6d2spPz5Sme7Q,"['Grupo Frontera', 'Natanael Cano']",1.33M,No info
Grupo Frontera,156,UCJa2FF4TUB13Mm0GurZAqog,"['Carin Leon', 'Fuerza Regida']",840K,No info
Grupo Marca Registrada,157,UCJrXHTk9F1cFhjc88PALfgA,['Junior H'],731K,"714,184,810 views"
Junior H,158,UCwA5HHGsAlpU1UlhwWD52uA,['Edgardo Nuñez'],449K,No info
Ángela Aguilar,159,UC4cu15Vfy2VLuqV-pQSXSug,['Yuridia'],3.5M,"898,309,492 views"
Gabito Ballesteros,160,UCYMm2JZ_mvXYr7vT9-8_thw,['Junior H'],8.74K,No info
Edgardo Nuñez,161,UCohgH17dyp4c_V7U9LoBLdA,"['Fuerza Regida', 'Fuerza Regida']",247K,No info
Oscar Maydon,162,UCxTyOt1nVVexDlQub6kvvNQ,['El Padrinito Toys'],23K,No info
Luis Mexia,163,UC_yp0Gk5J6QGP8yZXxNeEYg,['Grupo Firme'],5.71K,No info
El Fantasma,164,UCXfrOptKcBwWzjY0wBXjj8A,['Pepe Aguilar'],310K,"797,313,108 views"
Natanael Cano,165,UC47k7qXysCBKeaYfc1zmkIA,['Victor Cibrian'],2.49M,"1,137,063,909 views"
Grupo Firme,166,UCJKREB2c3dO8dgdo8FtdO_A,"['La Ventaja', 'Camilo']",7.06M,"5,694,655,941 views"
"Luis Alfonso Partida ""El Yaki""",167,UC5Qqpo0QGvIbNmfmrMdQ9Vg,['Grupo Firme'],641K,No info
Nivel Codiciado,168,UCsWlSqqph8Vz56_MpZRBzvw,"['Legado 7', 'José Mejía']",36.1K,No info
Romeo Santos,169,UCpB_98tUTs3zSiOxZuGPnOA,['Christian Nodal'],20.2M,"15,991,432,030 views"
Yahritza Y Su Esencia,170,UC5oOy_NEadrnh0lXtJpzgjA,['Ivan Cornejo'],836K,No info
Kany Garcia,171,UCw3HhreALeqcDfqriN1u1vw,['Christian Nodal'],2.22M,"1,593,831,537 views"
Ivan Cornejo,172,UCHuClD7xaYq8LYN9FbX2VLQ,['Eslabón Armado'],204K,"163,690,842 views"
Los Elegantes de Jerez,173,UCBDxYeIKWDBL1mkX9HaIbuQ,['Grupo Firme'],121K,No info
Israel & Rodolffo,174,UCB0234L7RQAClP1BZjn-r5w,"['Ana Castela', 'Jorge & Mateus', 'Maiara & Maraisa', 'Ana Castela', 'Jorge & Mateus']",2.91M,No info
nattan,175,UC--PQbk41TJ2NVynu1GFU1A,"['Mari Fernandez', 'Nivaldo Marques', 'Felipe Amorim']",1.58M,No info
Gustavo Mioto,176,UCs9lddMff4X3DecjvGAgqsw,"['Mari Fernandez', 'Mari Fernandez']",7.02M,No info
Zé Felipe,177,UCRIMRnwcEO-a7-o211fhNMw,"['Luan Pereira', 'Ana Castela', 'Luan Pereira', 'Ana Castela']",8.2M,"2,784,633,983 views"
Guilherme & Benuto,178,UCNHnPxK_5yfprPSyYOQ2J0g,"['Matheus & Kauan', 'Xand Avião', 'Xand Avião']",1.65M,"1,515,855,995 views"
Murilo Huff,179,UC-g0dJZGCPLIb7yoFndqmRA,['Maiara & Maraisa'],1.4M,No info
Luan Santana,180,UCeVDW-bGaWoUzn55fJY-sfQ,['Henrique & Juliano'],11.9M,"5,306,414,133 views"
Jorge & Mateus,181,UCf28WctYS7hBbDQSgDdS_7w,"['Matheus & Kauan', 'Rionegro & Solimões', 'Matheus & Kauan']",14.7M,"8,501,776,624 views"
Felipe & Murillo,182,UC8q_ILijGpVdBsa4H0Tf7PA,"['Ana Castela', 'Ana Castela']",14K,No info
Diego & Victor Hugo,183,UCE705eB9XX_25xG_iOnImUg,"['Jorge & Mateus', 'Jorge & Mateus']",2.85M,No info
Gusttavo Lima,184,UC1a6QMzU-em9TFB4OBsT52g,['Hugo & Guilherme'],19.6M,"12,871,563,841 views"
Mari Fernandez,185,UCgdng0uA3fUklL7pE1zyrKg,"['Murilo Huff', 'Murilo Huff']",1.82M,No info
Paulo e Nathan,186,UCet3bZ3DPitoyGaw0gmiE4g,['Hugo & Guilherme'],111K,No info
Bruno & Marrone,187,UCoiH2CN6DEO2Tiit80XKX8w,['Henrique & Juliano'],5.92M,"3,610,542,962 views"
Hugo & Guilherme,188,UC86xOhUitK56NVSH1u-eldg,['Tierry'],1.91M,No info
Wesley Safadão,189,UClG_7_PRAIW6VeGCbeA2U0w,['Deavele Santos'],13.6M,"7,689,785,599 views"
MC Danny,190,UC5b6QTKjeedOA6zStA8Flng,['Tierry'],58.8K,No info
João Gomes,191,UCAgLj3O_AeIqr9ZKfgZLj8w,['Yara Tchê'],3.92M,"1,408,574,072 views"
Oruam,192,UCPJ0y3GVshDXceFw-sqw88Q,['Mainstreet'],71.8K,No info
Rô Rosa,193,UCxT4bZehH0eImjd0-07tqCQ,"['Skeeter Beats', 'Yago Oproprio']",3.4K,No info
Lagum,194,UC0WmQLDR5IwQzUp760ymc9A,['Anavitória'],779K,No info
teto,195,UCZYK0SevTVwrzdvDNrPEWtA,['Felipe Amorim'],16.2K,No info
Orochi,196,UCKr613dWPqkCDsHzqsDdxag,"['MC Daniel', 'BIN', 'Caio Passos']",3.22M,No info
PEDRO SAMPAIO,197,UCrtlcOLqu8ARd0VXKz_TA3Q,['Pabllo Vittar'],3.93M,No info
Lexa,198,UCxr0P-UHeApMcowSfaNA-PA,"['POCAH', 'Anitta']",3.92M,"1,192,368,558 views"
Miami Sound Machine,199,UC_RfleX8b6HxPrtrFvnpSWQ,['Gloria Estefan'],9.56K,"7,602,001 views"
Celia Cruz,200,UCuDaqwAmogKMCUVn_z3wDTA,['Tito Puente'],319K,"355,482,745 views"
Daniela Darcourt,201,UCNQB-0ylGx6pv2xGqBTTSsw,['Ezio Oliva'],797K,No info
Gilberto Santa Rosa,202,UCnrpYJUW8qhtKfkgbINJuiA,['Willy Garcia'],1.34M,"1,379,388,533 views"
India,203,UCEdvRoGeWjuJr_VXaOCcVtw,['Victor Manuelle'],352K,"184,983,059 views"
Willie Colón,204,UCZ7rjHAj_eNbsrKTFkBQbAQ,['Héctor Lavoe'],510K,"586,099,834 views"
Rubén Blades,205,UCnkkieZOwsqTwV4rB_jENGw,"['Roberto Delgado & Orquesta', 'Carlos Vives', 'Willie Colón']",442K,"274,477,253 views"
Johnny Pacheco,206,UCp32KspYOPOlLcAuCxyGNKg,"['Monguito ""El Único"" Santamaría', 'Celia Cruz']",39.8K,No info
Bobby Cruz,207,UCFbqrxMsmJp3VqBoDIcsrsA,"['Ricardo ""Richie"" Ray']",41.1K,"26,496,389 views"
Ala Jaza,208,UCx4mI31AyOQVJ2t_ypYwAUw,['Olga Tañon'],761K,No info
Rubby Perez,209,UCxZIpfRkvGpWB4hy5qTMzew,"['Fernando Villalona', 'Toño Rosario', 'Romeo Santos']",72.3K,No info
Eddy Herrera,210,UCRfNVEAGfGwsXi59RlU5dbg,"['Omar Enrique', 'Daniel Santacruz']",311K,"281,294,402 views"
Proyecto Uno,211,UChhGIorTwJk4D9ShYduTgaw,['Gabriel'],59.2K,"65,553,113 views"
Omega,212,UCAJwa_1l4rHzBJyWbeBtGZw,['Ozuna'],318K,No info
Elvis Crespo,213,UC23tFg8bnVgRVQkLhSGElVw,['Los Hermanos Rosario'],1.12M,"923,305,865 views"
La Gran Manzana,214,UCSTtOe0WUGTvQ4dQH3bN-gw,['Victor Roque'],2.48K,No info
Raymix,215,UCoccQa2mpLeXUrB0QkNQz6w,"['Chiquis', 'NZO']",2.43M,"1,899,171,814 views"
La T y La M,216,UC_HuyfhEyXeEc0zc4asMI6g,['Ke Personajes'],283K,No info
DaCrewmbia,217,UCww5VLNDHtezPy3rVNNNtXw,['Agrupación Cariño'],12,No info
Abel Pintos,218,UCaj_N7j2odeKoLlzN4jV1qA,['Los Palmeras'],1.49M,"1,490,696,424 views"
Play-N-Skillz,219,UCX2yqJo9G5oJvw0leb3Ev5A,"['Becky G', 'Thalía', 'Chiquis', 'Luis Coronel']",204K,"122,522,819 views"
Mexican Institute Of Sound,220,UCfgF1FGpggXwz_XCWT8PN_g,"['Santa Fe Klan', 'Fidel Nadal']",19K,"6,255,667 views"
Eliseo Herrera,221,UC_UPHlr1vcglKqd38Wd_Gog,['Los Cumbia Stars'],724,No info
Pato Machete,222,UCgWVduNSS9sVKaFI8h_YqTg,['Los Master Plus'],46.9K,"10,182,169 views"
La Sonora Dinamita,223,UCcZxKB31JHe6E298PPcJG7A,"['Banda El Recodo De Cruz Lizárraga', 'Santa Fe Klan']",807K,"322,518,680 views"
Yailin la Mas Viral,224,UCpMjO3rZM1xqn-s9HmtC_cA,"['Anuel AA', 'Treintisiete']",361K,"19,612,543 views"
La Manta,225,UC5mxqKhWt2Ydtd28vi5rAag,"['D´Flow Aka La Maldad', 'Skary Movie']",245K,No info
El Alfa,226,UCJMzvcg3QxvaTKfpaj57TyA,"['Trueno', 'Noriel', 'Farina', 'Darell', 'Camilo', 'Dowba Montana', 'Mark B.', 'El Mayor Clásico', 'Chael Produciendo', 'Braulio Fogon', 'Chael Produciendo', 'Chael Produciendo', 'Bulin 47', 'Chael Produciendo', 'Tivi Gunz', 'Cj', 'Chael Produciendo', 'Chael Produciendo']",8.61M,"4,196,495,217 views"
Rochy RD,227,UCTpb9vZ5hURZerNo80mh6RQ,"['Harryson', 'Tivi Gunz', 'El Mayor Clasico', 'Jonatan Burlon']",4.72M,No info
Tokischa,228,UC7oLm1CnGj0JwTdlOnQTfGg,"['ROSALÍA', 'Treintisiete', 'Secreto El Famoso Biberon']",1.47M,"304,770,187 views"
Chael Produciendo,229,UCK9Js6zjAqvAEmlh5RyiTpA,"['El Alfa', 'Farruko', 'El Alfa', 'El Alfa', 'Braulio Fogon', 'El Alfa', 'T.Y.S', 'El Mayor Clasico', 'El Alfa']",122K,No info
Chimbala,230,UCj36ACUuHAPPesaM_ydfrxw,"['Dowba Montana', 'Chucky73', 'Omega', 'Noriel', 'Chucky 73', 'Dowba Montana', 'Omega']",3.12M,"1,060,923,867 views"
Paulus Music,231,UCVIfrBx2Yv7csHNHCM7-nbA,"['Tokischa', 'Yomel El Meloso']",46,No info
Jay Wheeler,232,UC17u1K8tiqxxFhPMbM50ASA,"['El Alfa', 'DJ Nelson']",4.84M,"2,797,475,061 views"
Imperio Record,233,UC4HtCU-SgfH_PAQCVulS6Lw,['Braulio Fogon'],370,No info
Austin Millz,234,UC_1vJTAHp4_QFZsvHwzyHRA,"['Tokischa', 'Haraca Kiko']",2.07K,No info
El Futuro Fuera De Orbita,235,UCjI8pt4uWXIjRSLWzXzcd9w,['Harry Nach'],332K,No info
El Cherry Scom,236,UCpnsxXva_hyqzvuJqQg_MHA,"['El Panda 15', 'Shadow Blow', 'Dowba Montana']",730K,No info
Dj Adoni,237,UC9zfbD6eVR4j5ovoY8Ir9Ow,"['Lenny Tavárez', 'Bulin 47', 'La Perversa', 'Farruko', 'El Alfa']",14.4K,No info
Mark B,238,UCUbUtoFC6ZNYmjm0FmIhD2g,"['El Alfa', 'Dowba Montana']",233K,No info
Tivi Gunz,239,UCV5UwV8hyxXIujYsLVYvd5Q,"['Haraca Kiko', 'Treintisiete', 'Don Forty Five']",575K,No info
La Melma Music,240,UC5r6HtUkJ5eit6b_rcZ2x3A,"['Aleica', 'Onguito Wa']",1.95K,No info
Ceky Vicini,241,UC0ufSVMJ_86T7uDQ_VxPK9g,"['Chiki El De La Vaina', 'El Fecho Rd', 'La Perversa', 'Bulin 47']",1.5M,No info
Lil Pump,242,UCmbsfE1vyuYRVzQHGZvvAvg,['El Alfa'],17.8M,No info
Breyco En Producidera,243,UCfvEsgHDYPJwwREdWTN7ICQ,"['Bulin 47', 'Braulio Fogon']",28K,No info
El Chuky De Lewa,244,UCdTMODmQg2FDmVujQRTx0Mw,['Rochy RD'],174K,No info
Ice P,245,UCjkD2CqsBpVXVv2YIX-RyPQ,"['El Productor de oro', 'Haraca Kiko']",12.2K,No info
Fetti031,246,UCSNoJcGNvYjGoAMcKQWZL2A,['Chucky73'],7.49K,No info
French Montana,247,UC4-6_ZDEUvmsdgVNmoqt26Q,"['El Alfa', 'Braulio Fogon']",5.25M,"3,349,385,914 views"
JFab & Paola Fabre,248,UCTPShsW4-g6paK4_3wDuTGQ,['Henry Santos'],13K,No info
Nathy Peluso,249,UCkaQTGWajEjXlTEZ_649BVA,['C. Tangana'],1.38M,"426,538,099 views"
El Chaval De La Bachata,250,UChQMZlJhdnQ_eVM9bt26-zA,['Romeo Santos'],614K,No info
Henry Santos,251,UCss4XY9I9W2CimfKjTPvpWw,['Luis Vargas'],90.2K,"39,781,453 views"
Zacarías Ferreíra,252,UChTXi8aZLrNHKrC6s6ftD9g,"['Yenddi', 'Romeo Santos']",1.71M,"1,161,696,834 views"
Bachata Heightz,253,UCpvWExK64CIxPn-tEXH1RzA,"['24 Horas', 'Manny Manz']",123K,No info
Kiko Rodríguez,254,UCfDijbGnrRcW5ECYADOwSsQ,['Romeo Santos'],110K,No info
Alexandra,255,UC43Dl2DTRwwS8Um4WegQiXw,['Monchy Capricho'],29.5K,No info
Mc Dricka,256,UCGilQvQR6IiF02V47T3mYmg,['Mc Flavinho'],1.41M,"222,308,778 views"
Dj Juninho Mpc,257,UCSXK3JgVhXZjQexEMPa_iEA,"['Mc Delux', 'Mc 2k', 'MC PR']",406,No info
DJ Pernambuco,258,UC60k1uRLATSZYraP2Lv35bA,"['Mc Delux', 'Two Maloka']",36.6K,No info
MC Gustta,259,UCLxgO2n6ggeeD3AMG27GGgQ,['MC DG'],47.6K,No info
MC Danone,260,UCd4kYgBd82zP8686MIyaxyQ,['Mc Frog e Mc Leozin'],5.46K,No info
Jerry Smith,261,UCzXSWdvToCsv_Jc87LaAvZA,['Mc Nando Dk'],3.03M,No info
MC BN,262,UCzgeDO2CsQUUKc_Sfrf93TQ,"['MC Guto VGS', 'DJ KL do ABC', 'MC Guto VGS', 'DJ Kley', 'MC Kitinho', 'DJ Kley']",7.46K,No info
MC Lan,263,UCREr8kjJ0k3QDn9UVLlmbDg,['MC Barone'],164K,No info
MC Kevinho,264,UCz-8RRPNjDwXSjXonncyH7g,['MC Hollywood'],6.37M,"969,496,625 views"
Mc jhenny,265,UCtoSa2c4cnpevWhqpgIoaYQ,"['DJ KOSTA 22', 'MC GW']",15.2K,No info
Rennan da Penha,266,UCPQ3f5ECXwabBleeu17qvZg,"['MC 2Jhow', 'MC Neneco', 'Savanah']",1.19M,No info
MC WM,267,UCVftI2bHO7vNmw1cjXHJJ1A,"['MC Leléto', 'Os Cretinos']",753K,No info
Dj Kaio Lopes,268,UCAxmN5Q521oS188Wfdt-A9Q,"['Mc Rangel', 'Mc J Mito']",1.74K,No info
Mc Charmosinho,269,UCmqiRuf8xkyn1EtLE5jgMrQ,['Mc Ed'],173,No info
DJ Arana,270,UCOp206ZpSG_0856_m5G4Dtg,"['Mc 7 Belo', 'MC LCKaiique']",100K,No info
MC Durrony,271,UC1lSsszDR38MSZ2qhd0rdlQ,['DJ Topo'],4.08K,No info
MU540,272,UCeXm8yZ3-mg-Qj_f0izbYJg,"['Kyan', 'DJ Bruno Prado']",3.7K,No info
FP do Trem Bala,273,UCcGyMNzd8Pm8A4Kj_H1Ji5g,"['Davi Kneip', 'DJ Alex BNH', 'Dj JL O Único']",3.41M,No info
DJ TN Beat,274,UCv1O2BKSuYv8Dhe_Hf8egXA,"['Dj Duarte', 'DJ TS']",19K,No info
Isabely Thompson,275,UCbumizMAxkCSopcrl-r94oA,"['bellagi', 'Mc Mika']",98,No info
Dj Joao MDP,276,UC5HpzGI1pqtNQMGcvr8wdJw,"['MC Saci', 'MC Faelzin']",36,No info
WIILL DJ,277,UC9IGwhUS1qqou8ednQuFViQ,['Mc Delux'],0,No info
Mc Koruja,278,UCE-IjEEtQfQNk0eOHcWE9hw,"['MC Buret', 'Maax Deejay']",10K,No info
Mc Delux,279,UC4hlcxMhBNR4qL9r9A_plQw,"['MC Branquinha', 'Mc Gw', 'DJ Abdo']",82.6K,No info
DJ VILÃO,280,UCvUl3RzVJZpVRiFG5iqRLgA,['Mc Anjim'],82.1K,No info
MC Nathan,281,UCsHNVe_YFD--ROPHVembR_A,"['DJ Pablo RB', 'MC Pipokinha']",466,No info
Niack,282,UCjLZ8V4Nou4KqqcPCOLYoqw,"['MC GW', 'Mc Kitinho']",905K,"256,841,195 views"
MC Zuka,283,UCTIv2hLuZnRIzkniIhQiTmw,"['JK NO BEAT', 'Love Funk']",2.66K,No info
MC Pipokinha,284,UCO1oVr5LZ2_xdH7bNMhtrNw,"['DJ Abdo', 'MC Hanan', 'MC BN', 'DJ Abdo']",23.7K,No info
MC Menor MT,285,UCd-PwovH0aJkHeyPz-VPm9A,['DJ Kauan'],24.3K,No info
Mc Fopi,286,UCXeE0bcgwDozh750dXHxuew,['Love Funk'],4.27K,No info
MC Delux,287,UC4hlcxMhBNR4qL9r9A_plQw,['DJ Guih Da ZO'],82.6K,No info
MC Myres,288,UCr-GhkKAYpdiLWCbiYCWjMg,"['MC Murilo MT', 'MC Yuri']",1.25K,No info
DJ Patrick Muniz,289,UClCmexDLcT9DqXhD3vshlpA,['Dj TG Beats'],34.8K,No info
MC RD,290,UC2LgJzJNsBXiSmiiXhT-RZQ,"['DJ Bill', 'DJ Biel Bolado', 'DJ Bill']",222K,No info
DJ MACK,291,UCthP8f-zdGgLHWqrOStK_lw,"['MC Garoto', 'GORDÃO DO PC']",1.1K,No info
Ya Malb,292,UCaoLEUuBQ3UKgbg82cTvYeA,['Lukkas'],63.4K,No info
MC Buret,293,UCLruaYW0NKMRnj2kEol6YyQ,['Dj Lemix'],3.45K,No info
DJ Cleitinho,294,UCS2EAczh1-dX5QRi73lhbjQ,"['Mc Delux', 'MC Teteu']",419,No info
mc scar,295,UCf2E4H_6NgDxIK06Yi2JS5Q,['dj cayoo'],1.9K,No info
"Mc vh diniz, Mc Vitin Lc & Mc Anjim",296,UCAt51NAQ_7Rya4KX2rZ-KPA,['Dj Samuel Rodrigues'],512,No info
Mc Gw,297,UCRD2CD9eZAmjFU6-3yUQ3wg,['DJ Yuri ZS'],69.8K,No info
Dj Guuga,298,UCVi2SKf6vMRUS8e-zsDLpRQ,['MC Delux'],4.25M,No info
Bella Angel,299,UCr6kI7u-LZmjzZWNKd-BFCg,['Theus Costa'],5.11K,No info
Dj Douglinhas,300,UCFsHOtVXO3y_76JWcOVyJ0Q,['Pet & Bobii'],131,No info
Club Dz7,301,UCWsBsksThTpXtAgeXhU5Dig,"['DJ ABDO', 'Mc Dricka']",3.79K,No info
MC Talibã,302,UC1hu3Y0fMRTySVcABEeOSLw,['Mc d20'],62.1K,No info
Mc Danone,303,UCd4kYgBd82zP8686MIyaxyQ,['Dj Gabriel Dutra'],5.46K,No info
DJ Zigão,304,UCx-sboWHXZgByQp-mPeQqEA,"['Mc TH', 'Mc Menor Thalis']",3.28K,No info
MC Renatinho Falcão,305,UC9Q1XowICqmfLj9VDulFybA,"['MC Guto VGS', 'Dj Alex BNH']",20.7K,No info
Teodoro Reyes,306,UCknG0Tjy7CZ_ATH8Nj534lg,['Romeo Santos'],186K,No info
Fonseca,307,UCNGQrUc5nPqTOrloOHknI_g,['Silvestre Dangond'],1.43M,"1,569,799,905 views"
Chico Che Chico,308,UC-67unlT6AZOWVmtMXvQH1g,"[""Los Yonic's"", 'Sofia Macchi']",146K,No info
Celso Piña,309,UCCxKMJlDXGgOyYNE5HD4Niw,['Mexican Institute Of Sound'],405K,"243,739,787 views"
Bori,310,UCYgjdhYxcSBxIMVP3yANTHg,['Gusttavo Lima'],1.77K,No info
el chuky de lewa,311,UCdTMODmQg2FDmVujQRTx0Mw,['Leo RD'],174K,No info
Haraca Kiko,312,UCD-VZMj4Bzt4vPa6JkP__YA,['Tivi Gunz'],723K,No info
Braulio Fogon,313,UCUHeKrvQ35vs3yk3Y2Ivmag,"['Imperio Record', 'Ceky Viciny', 'Bulin 47']",762K,No info
Bulova,314,UCAUzGHsY9LQA-elQ8GTh9sg,['Kaly Ocho'],24.5K,No info
Mozart La Para,315,UCitDjko8R5YuSa3GCiYuhhQ,['Omega El Fuerte'],2.4M,"593,365,665 views"
Kiry Curu,316,UCx4k1VHtDeRdf5WmGFVxtow,['Rochy RD'],581K,No info
Justin Quiles,317,UCAllAtIEaPeS-e65RgwMJMw,"['Chimbala', 'Zion & Lennox']",4.53M,"3,831,420,571 views"
Leo RD,318,UCNUdb0T66s4gmd4BVABLDBw,"['Verbo Flow', 'Braulio Fogon']",447K,No info
Bulin 47,319,UCpdEMvtWletqMNyxcO4uNeQ,"['Rosaly Rubio', 'Breyco En Producidera']",2.27M,No info
Kaly Ocho,320,UCDbrA13H9u_oxnH4dc8cmRg,['Braulio Fogon'],483K,No info
Omar Montes,321,UC7ntHPjafLibUOIV1hxZO3w,"['Farruko', 'Jairo deRemache', 'C. Tangana']",761K,"473,575,320 views"
Ana Mena,322,UCeZqJb8O79XPE0xjL6VxNqA,"['Belinda', 'Belinda', 'Abraham Mateo']",983K,"513,293,913 views"
Sangiovanni,323,UC3P_YYlBJaBVV_MHcejbZQg,['Aitana'],683K,"381,109,238 views"
Baby Rasta,324,UC-lKgl1QYyOS7eSIykTiJ9g,"['Rauw Alejandro', 'Rauw Alejandro', 'Rauw Alejandro', 'Boy Wonder CF']",704,No info
Emilia,325,UCvXoAG_trv-m2pv5_1HVFvA,"['Ptazeta', 'Ptazeta', 'Ptazeta']",1.29M,"662,349,303 views"
Ovy On The Drums,326,UCtfkGa4ie0BivwCPWCHalOw,"['Quevedo', 'KAROL G', 'KAROL G', 'Kim Loaiza']",1.09M,"656,407,698 views"
Maldy,327,UCsHl7m0iDLkZlOdPcKQN3Tg,"['KAROL G', 'KAROL G', 'KAROL G', 'KAROL G', 'KAROL G']",170K,"74,483,024 views"
Farruquito,328,None,[],,
Andy Rivera,329,UCJR43lRCQY9oriyv3L1O3iA,"['India Martínez', 'Ñejo']",3.16M,"1,469,939,199 views"
Lyanno,330,UCmI7GYyhkWc5MWS-x0h0yRQ,"['Rauw Alejandro', 'Rauw Alejandro', 'Rauw Alejandro', 'Rauw Alejandro']",1.01M,No info
Brray,331,UCzdbawqAXd7nW5H9wedLcXg,"['Rauw Alejandro', 'Rauw Alejandro', 'Rauw Alejandro', 'Rauw Alejandro']",203K,No info
Selena Gomez,332,UCeBYRgPhy8kcRmIGQWKuqdQ,['Rema'],32.2M,"12,173,008,020 views"
Linton,333,UCj8Ew2FIvIvl9ruIXuSM4lg,['Quevedo'],53,No info
Cris Mj,334,UCOykHV9q0qb0vrBsxO_5fkQ,"['Duki', 'Duki']",1.57M,No info
Nicki Nicole,335,UCei_d3N_YJKny96V_5-dO9w,"['Duki', 'Duki', 'Tiago PZK', 'Los Ángeles Azules']",4.31M,"1,025,474,579 views"
Original Elias,336,UCXhCbJ_hu0SJCpDr6kyqhZg,['Alain Pérez'],165K,No info
Big Lois,337,UCy5oD1JyBTIQZtJgFHwQKIA,['Alain Pérez'],36.5K,No info
Bad Gyal,338,UC0jiPleafFjC3Z7L4VKLgAg,['Quevedo'],798K,"481,104,514 views"
Maria Becerra,339,UCyE23CF-5Be1FgN-VcFGg8A,"['Lola Indigo', 'Natti Natasha', 'Natti Natasha', 'J Balvin', 'Reik', 'Tiago PZK', 'Prince Royce', 'Prince Royce']",3.88M,"1,894,022,621 views"
Cruz Cafuné,340,UCdOIOrEjYYS42wLKAdGWTLQ,['Wiso Rivera'],145K,No info
Juseph,341,UCNavFbCUYI1Yyd8V7dU3MEw,['Wiso Rivera'],36.7K,No info
Polima Westcoast,342,UCNcJAJvUKB7Z9o-wgQCPaqQ,['Quevedo'],816K,"483,448,687 views"
Robin Schulz,343,UCIpo9tfpIGXMzNQcZVWoXVw,['Oliver Tree'],3.61M,"3,686,873,626 views"
Bebe Rexha,344,UChwSjx8SnvG6k96a9xqYw1g,['David Guetta'],9.18M,"3,770,629,886 views"
Pablo Chill-E,345,UClixM-IgWBruYaGueMOruOg,"['JC Reyes', 'JC Reyes']",995K,No info
Ecko,346,None,[],,
Chris Jedi,347,UCQN0qx3B0J5GWrG7SQyfWQw,"['Anuel AA', 'Anuel AA', 'Anuel AA', 'Anuel AA', 'Anuel AA', 'Anuel AA', 'Anuel AA']",2.65M,"1,837,803,994 views"
Gaby Music,348,None,[],,
Bomba Estéreo,349,UCt7E5esO1UIPkZifW08r9hA,"['Bad Bunny', 'Bad Bunny']",1.87M,"1,062,261,291 views"
Khaled,350,UC5MRTNHuttkEx0zgmawMmXw,['Nyno Vargas'],2.22M,"685,129,328 views"
Los Yakis,351,UCZWBENyj6Ej8ZiS5bUw-byw,['Nyno Vargas'],187K,No info
Estopa,352,UCd25mqkTos06xFf1RP9qFJA,['Beret'],649K,"740,890,675 views"
La Cebolla,353,UC_MV4vHszbJHw26N6pbX6gA,['María Artés Lamorena'],14.3K,No info
MAKI,354,None,[],,
El Jhota,355,UClR2QAJa8OAPw5TSuJ-e-CA,['Cano'],140K,No info
Los del Control,356,UCAYrx2AH-THEBcoFLvpTkBQ,['Cano'],3.84K,No info
Jowell & Randy,357,UCN4NPml6D8Nf63UL-E-C8lA,"['Anuel AA', 'Bad Bunny', 'Bad Bunny', 'Bad Bunny', 'Bad Bunny', 'Wisin', 'J Balvin']",2.72M,"1,373,600,545 views"
Santa Fe Klan,358,UC1t2O7UhGmJVT903LC4dEUA,"['Snow Tha Product', 'Mexican Institute Of Sound', 'La Sonora Dinamita']",10.2M,No info
Marcianeke,359,UClbWlkIcHfH1QuhKCcnCxwA,['Punto40'],783K,No info
Vf7,360,UC_CWZW3emYNvTPewmKCOsAA,['Young Miko'],19.6K,No info
Chencho Corleone,361,UC4_xgMYQfEUnKTAuuys62JQ,"['Farruko', 'Rauw Alejandro', 'Rauw Alejandro', 'Rauw Alejandro', 'Rauw Alejandro', 'Rauw Alejandro', 'Rauw Alejandro', 'Rauw Alejandro', 'Rauw Alejandro', 'Anuel AA', 'Anuel AA', 'Anuel AA', 'Bad Bunny', 'Maluma', 'Maluma', 'Maluma', 'J Balvin']",752K,"227,894,511 views"
Randy Nota Loca,362,UCKVLGFIIr8SkznqIic-HBdA,['Anuel AA'],196K,No info
Zion,363,UC8U7wOw_Hd7ltvcWOWAp21g,"['Anuel AA', 'J Balvin', 'J Balvin', 'J Balvin', 'ChocQuibTown', 'Justin Quiles']",3.4M,"2,831,543,014 views"
Alejo,364,UCNhykU-lgRet5CVxaH0okeA,"['Robi', 'Robi']",32.8K,No info
Natan & Shander,365,UCJqq8E9uhUCpPpH7x0GMydg,"['Crissin', 'Crissin']",24.9K,No info
Totoy El Frio,366,UC9IFHk6kGcjXXctFQQHUIow,"['Crissin', 'Crissin']",65.7K,"17,369,360 views"
Juhn,367,UCyk_J3-Nvv2ECz8kiVrZ5qQ,"['Myke Towers', 'Lunay']",1.27M,No info
Beéle,368,UCupC5VkgC20rKyJMyogoswQ,['Lunay'],639K,No info
SOG,369,None,[],,
Jhay Cortez,370,UChZEzxer-QvRMbADJJGOMuQ,"['Bad Bunny', 'Bad Bunny', 'Bad Bunny', 'Bad Bunny', 'Bad Bunny', 'Bad Bunny', 'Bad Bunny', 'Bad Bunny', 'Bad Bunny', 'Bad Bunny', 'Bad Bunny']",4.76M,"3,769,860,800 views"
Nicki Minaj,371,UCTTcTeAszDGxALRSMkJH9FQ,"['KAROL G', 'KAROL G', 'KAROL G', 'KAROL G']",25.1M,"9,793,942,009 views"
DJ Nelson,372,UCkwiJQbXLRA5SQBW5-zpyPw,"['Myke Towers', 'Myke Towers', 'Jay Wheeler']",1.31M,"918,420,782 views"
Mr. NaisGai,373,UCgH6ST4YytHJEXgb410e7og,['Rauw Alejandro'],562,No info
Paulo Londra,374,UCpH92jOmlMe71mRYEkp7riQ,"['Becky G', 'Becky G']",22.2M,No info
"Rich Music, Ltd",375,None,[],,
Amenazzy,376,UCPPK-Pm1Ym23nWgxNbirxZA,"['Farruko', 'Farruko', 'Farruko', 'Farruko', 'Santana The Golden Boy']",3.43M,"1,225,465,156 views"
Mambo Kingz,377,UCVZLK2WQ4vzou3qtXS9n9ww,"['DJ Luian', 'DJ Luian', 'DJ Luian']",138K,No info
Will Smith,378,UCdHscQsCBWSfcW50NjdJWkA,['Marc Anthony'],105K,"144,755,220 views"
Zion & Lennox,379,UC8U7wOw_Hd7ltvcWOWAp21g,"['J Balvin', 'J Balvin', 'J Balvin', 'ChocQuibTown', 'Justin Quiles']",3.4M,"2,831,543,014 views"
Thalía,380,UCWwlelNu5JkcERFUT8VIOew,"['Natti Natasha', 'Natti Natasha', 'Natti Natasha', 'Play-N-Skillz']",7.32M,"5,306,350,872 views"
Micro TDH,381,UCA9V9ETvzKWzYNeGqM7BSJQ,['Piso 21'],3.73M,"1,483,639,755 views"
Tyga,382,UC2-zLDHEP2rEkqwgutb2ctA,"['DJ Snake', 'DJ Snake']",11.2M,"5,462,151,212 views"
Rvssian,383,UCNzGI8JyKXRgrgGIknRGalg,"['Farruko', 'Farruko', 'Anuel AA']",28.4K,"78,355,893 views"
Mau y Ricky,384,UCjdM1qBzGOeKgOmgybIuCtA,"['Manuel Turizo', 'Manuel Turizo', 'Nicky Jam', 'Sebastián Yatra', 'Sebastián Yatra']",4.16M,"2,645,375,279 views"
Luar La L,385,UCStUThP2IprRPM9sw3pF48g,['Almighty'],514K,No info
Anitta,386,UCI99G32byWj1aH13pbxnTEw,"['TINI', 'Greeicy', 'Lexa']",17M,"6,976,497,177 views"
Lele Music,387,None,[],,
el goldo de las conec,388,UC09f1t4LZwRcK6EBOQV5bqQ,['Jhanking'],38K,No info
andres yuma,389,UCcGMHIKIFVWac1D4ODVuR-g,['Trumpmoney'],0,No info
Vadi,390,None,[],,
Cazzu,391,UCXxxmrUKXeL095S9o9e5TDw,['Randy'],5.29M,"1,860,980,095 views"
MVSIS,392,UCpk6J-Lg6cmksoQTirc1ucA,['Anuel AA'],92,No info
Trueno,393,UCEPYn7xbzvQwL9C21evFGDg,"['Tiago PZK', 'El Alfa']",5.87M,"1,394,636,037 views"
EL IMA,394,UCkH_zaicOPTd1044FyrAybg,['Abhir Hathi'],6.43K,No info
Dread Mar I,395,UC_X1gYPv9eOW1CYIVEAX2hw,['Rusherking'],5.31M,No info
LIT killah,396,UC1qoOeueDduCF1S6xnXYmqA,['Tiago PZK'],5.64M,No info
Camilo,397,UC0l2FUrxXnO8XwR0eqb-Nsg,"['Shakira', 'Manuel Turizo', 'Manuel Turizo', 'Ozuna', 'Pedro Capó', 'Evaluna Montaner', 'Camila Cabello', 'Camila Cabello', 'Grupo Firme', 'El Alfa']",15.6M,"6,408,936,908 views"
Dua Lipa,398,UCzVb0SIXp9q9PeKCcFjsBtA,['Bad Bunny'],21.4M,"10,549,612,851 views"
Noriel,399,UCYWVGrOjgB0mJgMuy84vQxA,"['Darell', 'KHEA', 'KHEA', 'Santana The Golden Boy', 'El Alfa', 'Chimbala']",5.04M,"1,722,571,981 views"
Jennifer Lopez,400,UCXDcGa1H1axtr1wkxOR3hZQ,"['Bad Bunny', 'Maluma']",16M,"9,841,587,532 views"
YAVIAH,401,UCnrbNW0nwapPUZZTPv_KbBg,['Bad Bunny'],33.8K,No info
Chino & Nacho,402,UCM0is5a5RHVKMcyN8Xs5dQw,['Chyno Miranda'],4.81M,"4,182,993,376 views"
Nacho,403,UCYJwsP1YmNv3Qm6HW7ozxBA,"['Chyno Miranda', 'Chyno Miranda', 'Daniel Santacruz']",5.73M,"2,905,397,046 views"
Simone & Simaria,404,UCdr8B1Wj70vRx7qNz0HkKPw,['KAROL G'],11.4M,"4,645,997,063 views"
Juice WRLD,405,UCbn0GRdgsQtl9hlV-IqxFGg,['Anuel AA'],10.7M,"5,320,152,927 views"
Zumbi,406,UCUe_EOF2EBOH6hU7QJcziAQ,['Farruko'],32,No info
Morat,407,UCyZgGJiy9vum1xD7hXWG_rA,['Reik'],6.62M,"4,763,936,061 views"
Flow La Movie,408,UC95F-UDqrRZmrwozzczvawA,['Nio Garcia'],6.02K,No info
Casper Magico,409,UCIAWcPYu4GWqyD2WhyenKBw,['Nio Garcia'],56K,No info
Black Eyed Peas,410,UC7JGA3rY8kb0-Epuqenjkzw,['J Balvin'],11.8M,"10,105,469,138 views"
GIMS,411,UCanUjmTDohFr8OMpfk5xWBQ,"['Maluma', 'Maluma']",10.9M,"6,035,321,660 views"
KEVVO,412,UCRNdAgK-Hwkl3PZmQFUnl1Q,['Farruko'],383K,"167,409,882 views"
Demi Lovato,413,UCwem2sj-QUJCiWiPAo9JuAw,['Luis Fonsi'],17.8M,"6,682,761,396 views"
Enrique Iglesias,414,UCD-0qTYqRd4t9re9AwRydnQ,['Nicky Jam'],23.3M,"16,969,464,974 views"
Mariah Angeliq ,415,UCbLTh4xcRBh49Psu-7MOXSQ,['KAROL G'],1.13M,No info
Lenier,416,UCpEESy0SY7NiICeN0XgDdeA,"['Farruko', 'Chacal', 'Chacal']",19.9K,No info
BANDIDO,417,None,[],,
Farina,418,UCNXvwbgr8tGszzqBjDClcxQ,"['Maluma', 'El Alfa']",2.54M,"743,744,155 views"
Andra,419,UCMHLzL4MdXUwC0ZpAR51WLA,['Descemer Bueno'],1.9M,"1,874,012,944 views"
Juaco,420,UCKd4R_IF0UMe2KZBn_F5JZA,['El Kamel'],57,No info
Bryant Myers,421,UCH-xlT-Cq4cNCGi54pqdwkg,['Boy Wonder CF'],8.32M,"3,272,054,258 views"
Cosculluela,422,UCDHhds5KLRgEyCIRF5zK4SA,['Boy Wonder CF'],7.09M,"2,956,911,593 views"
Jon Z,423,UCy86NQba0zXOqWvV6hpZmVA,['J Menez'],6.58M,"1,764,479,938 views"
Eladio Carrion,424,UC7YJ69rJ9qtVh6SjYFs4cGg,"['KHEA', 'KHEA']",3.26M,"1,823,887,254 views"
Alex Sensation,425,UCJ5rRzbngyC5hL71z7OvCLw,['Nicky Jam'],1.46M,"1,035,188,972 views"
Trapical,426,UCkV-TKWDLEANF3LYh8H4OcA,['Lalo Ebratt'],35.4K,No info
Pitbull,427,UC03jIQv4WXBSHdr1DlCLYDw,['Natti Natasha'],16M,"11,936,291,474 views"
Mc Daniel,428,UCNBdRAxgiWKMPH2_wiDjecw,['MC Ryan SP'],27.2K,No info
Ariel Donato,429,UC0NO6W1BE6Rq72AWbmusVYA,"['MC Cabelinho', 'MC Cabelinho']",400,No info
MC MENOR SG,430,UCxsIEqhZ9hpeoGy_Oad5uOw,"['MC MENOR HR', 'MC MENOR HR']",116,No info
DJ ESCOBAR,431,UCjiuY6qAEfiLGtNg14Vqgow,"['MC MENOR HR', 'MC MENOR HR']",393,No info
Mc Davi,432,UC4xYDLbW8M9KY_tDm9tZcHw,"['MC Marks', 'MC Don Juan']",432K,No info
Tchakabum,433,UCPe7TCsGbTHJaJs19xZEHaA,"['Dj LK da Escócia', 'Dj LK da Escócia']",116K,No info
Chefin,434,UCkhGNpwpD2nscSRrtvnzWjA,['Mainstreet'],251K,No info
DJ Biel do Furduncinho,435,UCuUWXU0SZeAm6V3bM7N1iag,['L7NNON'],1.73K,No info
Bianca,436,None,[],,
MC Lemos,437,UC9lZ2RV94uo6X2ZUA445R7Q,['Mc Piedro'],116K,"28,356,310 views"
Mc Lipi ,438,UCiy2-oyyxjKHthWBXB8VPkg,['Mc Piedro'],856K,No info
Mc Kitinho,439,UCHnK0hxO3SV9GUZ9Ixx0AMw,"['Veigh', 'Niack']",49.6K,No info
JC NO BEAT,440,UCB4FaljrPE0mZG2Ekxgpbwg,['MC Teteu'],18K,No info
DJ F7,441,UC4j_nFWm8H-ZDMEV2VtzTSQ,['MC Teteu'],6.33K,No info
dj sv,442,None,[],,
Mc Gabzin,443,UCEiXvDnRXlBKblNeoX-ftmg,['DJ TAK VADIÃO'],127K,No info
Davi Kneip,444,UCNiqPDhsHFXcYDAgo5ePGAg,"['Luísa Sonza', 'FP do Trem Bala']",372K,No info
Mc Frog e Mc Leozin,445,None,[],,
Dj Gabriel do Borel,446,UCoBSmqk56lNXtcsS2T4DeQA,['Luísa Sonza'],1.11M,No info
Mc Vitin da Igrejinha,447,UCiNdunRrjvoiaJX7-rAmnzQ,['MC Tairon'],3.01K,No info
Dj Win,448,UCoA4xwP6O1EmcIwnx2rgWDg,"['MC Tairon', 'MC Tairon']",10.8K,No info
Mc Kadu,449,UCE702yt8g0cWtejcZPM7s9g,"['MC Ryan SP', 'Gabb MC']",325K,No info
DJ Bel da CDD,450,UCEsYfOQGZBQXCBOfmwzE4hQ,['L7NNON'],230,No info
Os Hawaianos,451,UCMqp_F5tHb3AjexoljWEqAg,['L7NNON'],17.8K,No info
Mc Kako,452,UC4pGi_gzx-ZlR1VVhFSrG8w,['DJ Boy'],189K,No info
MC V7,453,UCtcFJUEi7TcHUtAZ8OE7k9g,['DJ Boy'],14.1K,No info
DJ Breno,454,UCljv_m-p5CzDh5nkOfjwflw,['Dj LK da Escócia'],80,No info
MC GW,455,UCRD2CD9eZAmjFU6-3yUQ3wg,"['Dyamante DJ ', 'Mc jhenny', 'Niack']",69.8K,No info
MC Braz,456,UCm0io7ggh7nQWyG53Dt_jOg,['MC Tairon'],138K,No info
MC G15,457,UC2dFvvg6eE5Sn6K6LcFlctw,['MC Don Juan'],123K,No info
Nesty,458,UCotHAxNJWdytzZrkg42DCMg,"[""Alexander Delgado (Gente D' Zona)""]",61.6K,"13,473,714 views"
El Micha,459,UCHhrMSqe_C1E_JBEz3mRlew,"['Chacal', 'Chacal']",133K,No info
Olga Tañon,460,UCjwWnt9K3CXTZVj2o85ZeAA,"['Puerto Rican Power', 'Ala Jaza']",628K,"347,346,807 views"
DJ Buddha,461,UCu4kUC2N5THYRHo1qkycf_A,['Christian Alicea'],268,"75,965 views"
Daviles de Novelda,462,UCrFcnXkoP8Zrle8jzIVMI5w,"['Becky G', 'Becky G']",792K,No info
Juanes,463,UCeWBcJf4eNsQmGQO-N98eTg,['Los Ángeles Azules'],2.84M,"2,459,817,098 views"
Lil Jon,464,UC-TDzpXxJndgBvyX4dZXVzA,['Don Omar'],961K,"601,017,763 views"
Fuego,465,None,[],,
Guaynaa,466,UCxRxlD8IOe7G5xVtEfduNKQ,"['Los Ángeles Azules', 'Los Ángeles Azules']",3.4M,"1,205,003,725 views"
Maffio,467,UCD2HJZjYy2rAUIVm7FdRDew,['Gente de Zona'],504K,"242,978,598 views"
Baby Lores,468,UCn_f2cV4zifqRRe8fd2aa-g,['Chacal'],32.3K,No info
Los 4,469,UCV6gPn7ZnPTdiZAuF0g2FaQ,['Chacal'],22.5K,No info
Diana Fuentes,470,UCy67KGk6MVZ6iWDWGhC_3zA,['Leoni Torres'],82K,"44,369,334 views"
Norbert,471,None,[],,
Owem-G,472,UCtdJYgZhXchSV5US69_Wrkg,['G combo'],98,No info
Carin Leon,473,UCGr3AcxG5Ubp4kByu7l5SSA,['Grupo Frontera'],1.56M,No info
Yuridia,474,UCKgCf7mtjN7yyYjrDJ1QJnQ,['Ángela Aguilar'],3.19M,"3,682,073,060 views"
El Padrinito Toys,475,None,[],,
Pepe Aguilar,476,UCyBoRvwftrKrfkHIsK5NXTw,['El Fantasma'],3.03M,"2,145,559,192 views"
Victor Cibrian,477,UCDyfUKv9GHQ3h6XuWPpZhlA,['Natanael Cano'],41.8K,No info
La Ventaja,478,UCsF0UkjIHRwgx9oMXHtH4ag,['Grupo Firme'],11.8K,No info
Legado 7,479,UCvzMdnLwZkijXiN1tfk0WyA,['Nivel Codiciado'],277K,No info
José Mejía,480,UC4HuNHynT5dws3s2E_P9VSw,['Nivel Codiciado'],12.1K,No info
Christian Nodal,481,UC_nxbep6wWeIEVb1UKn4euw,"['Romeo Santos', 'Kany Garcia']",10.4M,"7,768,710,407 views"
Eslabón Armado,482,UCmqrOR5GZcSNS5BLAAt6hPg,['Ivan Cornejo'],2.04M,No info
Ana Castela,483,UCyDsKwygOyI3zbIIQPR8K1g,"['Israel & Rodolffo', 'Israel & Rodolffo', 'Zé Felipe', 'Zé Felipe', 'Felipe & Murillo', 'Felipe & Murillo']",1.37M,No info
Luan Pereira,484,UCt_NeWd6FkCgK0gGrp4B3UQ,"['Zé Felipe', 'Zé Felipe']",427K,No info
Matheus & Kauan,485,UClE44UxoPXDa8bqWnqP71tg,"['Guilherme & Benuto', 'Jorge & Mateus', 'Jorge & Mateus']",10.6M,"7,192,767,407 views"
Maiara & Maraisa,486,UCFUo6fAiav8B09VoqMuhzgQ,"['Israel & Rodolffo', 'Murilo Huff']",9.34M,"5,555,095,523 views"
Xand Avião,487,UCnVznkVigYrDMxqNhJ22Tnw,"['Guilherme & Benuto', 'Guilherme & Benuto']",5.63M,No info
Henrique & Juliano,488,UCt8Ihy3hj9uHGXKTpO214AQ,"['Luan Santana', 'Bruno & Marrone']",15.3M,"13,512,017,690 views"
Felipe Araújo,489,UCyP27V8-X31g_KIkExR5CfQ,['MC Hariel'],5.24M,No info
Rionegro & Solimões,490,UCKIe4WXrF7nmHQPgjnWykIA,['Jorge & Mateus'],936K,No info
Tierry,491,UCQKYW7xoMr_cOLvVd8pBvlA,"['Hugo & Guilherme', 'MC Danny']",4.59M,No info
Xamã,492,UCp0WcprBoKX5HvfQ3-RrUvw,['Luísa Sonza'],450K,No info
Deavele Santos,493,UC-QKGD_VUphf0gTCvqSezow,['Wesley Safadão'],154K,No info
Nivaldo Marques,494,UCSyDVyNzeWrlEHU0oCY4poA,['nattan'],188K,No info
Yara Tchê,495,None,[],,
Skeeter Beats,496,UCR9TBQTbjdEA2MGQ5g3RevQ,['Rô Rosa'],164,No info
Yago Oproprio,497,UCVsF3qEHVR00SQNBe4jDM8g,['Rô Rosa'],110K,No info
MC Magal,498,UCq9AH5TcaEF4iwN6ZvHGxPA,['MC Ryan SP'],113K,No info
Anavitória,499,UCDARE-4OotSQ2uHFla-zNvA,['Lagum'],3.63M,"1,400,350,808 views"
Felipe Amorim,500,UCSCVx5XGHdzEUpqNbHOkEAA,"['nattan', 'teto']",744K,No info
MC Daniel,501,UCNBdRAxgiWKMPH2_wiDjecw,['Orochi'],27.2K,No info
BIN,502,UCr_4pHnhq3DWeUPjn8uVSJg,['Orochi'],1.78M,No info
Caio Passos,503,UCil82WxBEh6Z1zBYDefGgIA,['Orochi'],5.18K,No info
Pabllo Vittar,504,UCmPnXSlj6y-NEfYLmRI2-7A,['PEDRO SAMPAIO'],7.74M,"2,110,044,881 views"
POCAH,505,UC9qoYKGbdVTc4maVDrcPEZA,['Lexa'],2.73M,"622,857,733 views"
Gloria Estefan,506,UCl7iFb9YK6ij2JPn7wUCqtg,['Miami Sound Machine'],811K,"596,982,057 views"
Tito Puente,507,UCXsmbH-Rt-ME375T57ZmeKw,['Celia Cruz'],22.4K,"12,629,460 views"
Ezio Oliva,508,UChfp0rnfaXjE0ri9hjtYIRw,['Daniela Darcourt'],335K,No info
Willy Garcia,509,UCXhgeVaTd4v6C2Lw_kpSdPQ,['Gilberto Santa Rosa'],142K,No info
Victor Manuelle,510,UCQz9VIfqA7dIeBY8oBuj89w,['India'],1.37M,"1,224,410,140 views"
Héctor Lavoe,511,UCqT_XfFbiIGUAU1I8XLnjog,['Willie Colón'],235K,"288,814,821 views"
Roberto Delgado & Orquesta,512,UCNSPvHYk2xl9AWckeDR1F1w,['Rubén Blades'],14,No info
"Monguito ""El Único"" Santamaría",513,None,[],,
"Ricardo ""Richie"" Ray",514,UCvw20A-fOsnZVl3k4odGWCg,['Bobby Cruz'],40.1K,"32,779,701 views"
Fernando Villalona,515,UCGb0TV6uuDE-zkM_hlcKj2A,['Rubby Perez'],6.37K,"10,267,729 views"
Toño Rosario,516,UC_iikKJH6fo6xEpgmxHwM5w,['Rubby Perez'],321K,"198,030,782 views"
Omar Enrique,517,UC9uCzCgwN1bdalXMrfI0fuA,['Eddy Herrera'],7.83K,No info
Gabriel,518,None,[],,
Los Hermanos Rosario,519,UCdv2gyh53GVFUIekaxO9gUQ,['Elvis Crespo'],93.6K,"32,721,303 views"
Victor Roque,520,UCT6CQhOMuvYogd8AZxJca0w,['La Gran Manzana'],752,No info
Chiquis,521,UCbaUEd9cGOGPVlnjIsMeeMg,"['Raymix', 'Play-N-Skillz']",910K,"239,596,411 views"
Sofia Reyes,522,UCtLm9gl2UdEQUuI2nmY5_Vw,"['Los Ángeles Azules', 'Los Ángeles Azules']",3.43M,"1,702,780,307 views"
Esteman,523,UChH3W3boDl_9s_0T5aOCv6w,"['Los Ángeles Azules', 'Los Ángeles Azules']",783K,"268,212,881 views"
NZO,524,None,[],,
Ke Personajes,525,UCYJ_9Y3IoTbGZpU0TuQ8PPA,['La T y La M'],1.44M,No info
Agrupación Cariño,526,UCtV6jX-wOK7to2lhSKPQVMg,['DaCrewmbia'],7.17K,No info
Los Palmeras,527,UCp1U6alu7Y5BnjLZu2cfqmg,['Abel Pintos'],250K,No info
Fidel Nadal,528,UCJ_bsibO3p86-iHH3ajKxgw,['Mexican Institute Of Sound'],22.5K,"6,516,524 views"
Los Cumbia Stars,529,UC3koXa_yy1pExC8Z3DmIODg,['Eliseo Herrera'],9.48K,No info
Luis Coronel,530,UC9KGeOSI51Xe14GarhxaE6A,['Play-N-Skillz'],1.49M,"389,079,882 views"
Los Master Plus,531,UC73-pfoiT2Ht9ox-H0fyo3Q,['Pato Machete'],2.86K,No info
Banda El Recodo De Cruz Lizárraga,532,UCqmicz9Sn9gih5SbUHRHZ6w,['La Sonora Dinamita'],2.64M,"2,779,068,500 views"
Treintisiete,533,UCf-VAsT81dyHR7TURcOQfcQ,"['Yailin la Mas Viral', 'Tokischa', 'Tivi Gunz']",314K,No info
D´Flow Aka La Maldad,534,UCMTcCMaYfRKzxGlSrXLjZEA,['La Manta'],0,No info
Skary Movie,535,None,[],,
Harryson,536,UC2ihX5uoblnN4wsA-ayIAAA,['Rochy RD'],117K,No info
Dowba Montana,537,UC2Ggem3xUjMJR931ZVthMQg,"['El Alfa', 'Chimbala', 'Chimbala', 'El Cherry Scom', 'Mark B']",639K,"153,466,365 views"
Chucky73,538,UCqBydz3xCj4qX8Vds1vj_Yw,"['Chimbala', 'Fetti031']",915K,No info
Yomel El Meloso,539,UCXpnwLMNGoghmQlbtIuiMqQ,['Paulus Music'],1.26M,No info
Harry Nach,540,UCO-eCC9qWjWdaDH1W3G9ZhA,['El Futuro Fuera De Orbita'],562K,No info
El Panda 15,541,UC3jG5vgkjJ-3H-E0TdwyPiQ,['El Cherry Scom'],50.8K,No info
Shadow Blow,542,UCgbs2HqfNucMJzMhUWrr5TA,['El Cherry Scom'],653K,No info
Secreto El Famoso Biberon,543,UCRzrVBBwwgeVfR9eaVFlVIQ,['Tokischa'],3.28M,No info
Aleica,544,UCT-bKCQSIA2adpdBP9umtfA,['La Melma Music'],29.3K,No info
Onguito Wa,545,UClNfeioFZZZmSlTfpHhjcgQ,['La Melma Music'],729K,No info
El Mayor Clasico,546,UCOljex2KuBSCuPszyL1qWlA,"['Rochy RD', 'Chael Produciendo']",1.56M,No info
Chiki El De La Vaina,547,UC1FM9Pcb9d6eBE5JhzaV5Wg,['Ceky Vicini'],52.6K,No info
El Fecho Rd,548,UCj8OfjueQS15zikAqqOGnSA,['Ceky Vicini'],1.03M,No info
La Perversa,549,UCalwlLZB7DYtdcTIEpTGirQ,"['Dj Adoni', 'Ceky Vicini']",807K,No info
T.Y.S,550,UCEeJQ_7WNGCggzFxlRwY6dw,['Chael Produciendo'],184K,"46,910,388 views"
Don Forty Five,551,UCwb9qpHXexGuAOJw-dAGkww,['Tivi Gunz'],13.3K,No info
Jonatan Burlon,552,UCFFal9JVwdW1dPs-BNVtJnw,['Rochy RD'],41.5K,"3,863,759 views"
El Productor de oro,553,UC5eM2DfFiMUGJaqFT3qUdEA,['Ice P'],31,No info
Shootter Ledo,554,UC1fsqiQvIoNQeTVEEA5xD8g,['Boy Wonder CF'],78,No info
Elvis Martinez,555,UC4h9XqAOcX8oznh0JXLymfQ,['Prince Royce'],422K,"245,043,964 views"
Luis Vargas,556,UChCP-Q1emDG1jv5iHdtRzdg,['Henry Santos'],201K,"135,336,960 views"
Yenddi,557,UCRKdgiIDxc1TQ1PGh2YmY6Q,['Zacarías Ferreíra'],687,No info
24 Horas,558,None,[],,
Manny Manz,559,UCXFFR8GVndyZPZ2pCgcrXhg,['Bachata Heightz'],1.11K,No info
Monchy Capricho,560,UCN7ZrapWAsiMIzVDo8MLMcQ,['Alexandra'],2.99K,No info
Mc Flavinho,561,UCsnuasd0HixIiZMwXsaUZWQ,['Mc Dricka'],2.38K,No info
Mc 2k,562,UCiO5JtxCpBns0s4AyogQcTA,['Dj Juninho Mpc'],4.89K,No info
MC PR,563,UCNAeEUljS9-ZHwna23uMiqw,['Dj Juninho Mpc'],124K,No info
Two Maloka,564,UCEt30T7eohQrrxwVLVmXvyA,['DJ Pernambuco'],15.2K,No info
MC DG,565,UCGsOFlRJDp2guW_Gm9O-QfA,['MC Gustta'],5.17K,No info
Mc Nando Dk,566,UCz0kFzqCNvnPliNfI5NvWeQ,['Jerry Smith'],992,No info
MC Guto VGS,567,UC7xAsgLS8jSs6kNIyuqcceA,"['MC BN', 'MC BN', 'MC Renatinho Falcão']",13.1K,No info
DJ KL do ABC,568,UCBQ0UWI5O3YA6vsYaAEVTOg,['MC BN'],266,No info
MC Barone,569,UC6snirf-iSSM4CQJUcT-csQ,['MC Lan'],5.65K,No info
MC Hollywood,570,UC1TJDizRa7hgzNuDTjgFyhA,['MC Kevinho'],126K,No info
DJ KOSTA 22,571,UCz6zNBbYBPxVgA993bV37gQ,['Mc jhenny'],301,No info
MC 2Jhow,572,UCdytVIeNmM8OLKYWtyiZ-vw,['Rennan da Penha'],20.7K,No info
MC Leléto,573,UCl6MnM76oJeZMN3X4KNJleg,['MC WM'],354K,No info
Os Cretinos,574,UCsx8LW7HMjaIDYC_MPLRstw,['MC WM'],392K,No info
Mc Rangel,575,UCAZAyCywmOzF5MUk4Dqq5Aw,['Dj Kaio Lopes'],1.94K,No info
Mc J Mito,576,UCM1QbOlxxC0u1I1b8_2LdXw,['Dj Kaio Lopes'],92.2K,No info
Mc Ed,577,UC-bom0_TRc_EJHWd54rETCA,['Mc Charmosinho'],9,No info
Mc 7 Belo,578,UCh-kHe6afscNsyP5Sj7udIg,['DJ Arana'],2.96K,No info
MC LCKaiique,579,UChC9hdo50Um4UT3xd2lMgHA,['DJ Arana'],2.22K,No info
DJ Topo,580,UCBsEbsC_PntTr48x_X6xlZg,['MC Durrony'],207K,No info
Kyan,581,UCNQvRKbutMQZNu4j5PwHSng,['MU540'],541K,No info
DJ Bruno Prado,582,UCPpFWDvbZnh6RCgkKaUEa4w,['MU540'],20.1K,No info
DJ Alex BNH,583,UC__NUiQK94mobfrxZrPpj7g,['FP do Trem Bala'],40.1K,No info
DJ Kley,584,UCXAU0Sh9MYgK6E3HExR3QKQ,"['MC BN', 'MC BN']",283,No info
Dj Duarte,585,UChx1BSGuI91UlYsgaXuoPPw,['DJ TN Beat'],64.5K,No info
DJ TS,586,UC8tSCp6aAfdD7adxTlDulQQ,['DJ TN Beat'],125,No info
MC Neneco,587,UC3J7QmvBrA0R2BVVcf3k3ZA,['Rennan da Penha'],130,No info
Savanah,588,UCgVHXxDNgzjbGvpJHFJAGNA,['Rennan da Penha'],2.23K,No info
bellagi,589,UCamGzfqBkjYU060756qzguw,['Isabely Thompson'],379,No info
Mc Mika,590,UCkmWomM9-YqcSfiNCyTcVOA,['Isabely Thompson'],6.4K,No info
Dj Serpinha,591,UCby-p57hrzjfrKA0xijhZIQ,['MC Teteu'],7.89K,No info
MC Saci,592,UCMmPgIW_HFoGprj7NysFx-A,['Dj Joao MDP'],13.7K,No info
MC Faelzin,593,UC3XhWRm7u8HI7O3rpGAdVuQ,['Dj Joao MDP'],1K,No info
Dj JL O Único,594,UCtHaQgktCC1w1ELY5LvY2yg,['FP do Trem Bala'],1.74K,No info
Maax Deejay,595,UC0_3t9-CppT-9pjc0oXClwQ,['Mc Koruja'],122,No info
MC Branquinha,596,UCCG3RDgGByUiJxEMQTCDZQg,['Mc Delux'],112K,No info
Mc Anjim,597,UCdJKZua9oH_Ok0n7CFvYcgQ,['DJ VILÃO'],94.6K,No info
DJ Pablo RB,598,UCJlXwTuNo2cpt14U0BTGPJw,['MC Nathan'],1.97K,No info
JK NO BEAT,599,UCEJQTQJi65bnJS5RgRbiJRQ,['MC Zuka'],25,No info
DJ Abdo,600,UCk-3J0MKsHPVWdR3Mp57Dzg,"['Mc Delux', 'MC Pipokinha', 'MC Pipokinha']",1.32K,No info
DJ Kauan,601,UCiGbyb4ZEZl52rUi1h23G1A,['MC Menor MT'],11,No info
DJ Guih Da ZO,602,UC3gnAlPB4ftWNvb76SXIVtQ,['MC Delux'],9.13K,No info
MC Murilo MT,603,UCsBAzU8RtOG-XSyZFRVP_Tg,['MC Myres'],74.8K,"29,516,918 views"
MC Yuri,604,UC6q-lNODn3N3FBtDfQy6xJg,['MC Myres'],3.78K,No info
MC Hanan,605,UCSKmzcEb1xXGw_V5Gk_mDYw,['MC Pipokinha'],119,No info
Dj TG Beats,606,UCnBbq3D0f2V6XoKD6fa7GsA,['DJ Patrick Muniz'],1.1K,No info
DJ Bill,607,UCvqOUpTo_0xBmOwwc8Pz3oQ,"['MC RD', 'MC RD']",535,No info
MC Garoto,608,UCRghHpRqKFAmlDzlWsD3LqQ,['DJ MACK'],375,No info
GORDÃO DO PC,609,UCwXD8VV8nZ86jVKl_Flpw0Q,['DJ MACK'],114K,No info
Lukkas,610,UCaXBE77ryZrfgm1Wg8nK10w,['Ya Malb'],2.05K,No info
MC Kitinho,611,UCHnK0hxO3SV9GUZ9Ixx0AMw,['MC BN'],49.6K,No info
Dj Lemix,612,UCS4paE2rksuNbT6PHSofpPw,['MC Buret'],736,No info
dj cayoo,613,UCIhXeaZzJOF5-vPAxUZPVyg,['mc scar'],20.8K,No info
Dj Samuel Rodrigues,614,UCgeFBXJneGo4gKjTt1-bXmw,"['Mc vh diniz, Mc Vitin Lc & Mc Anjim']",215,No info
DJ Yuri ZS,615,UCCjojiwFp_IwnEyhANuq2Lg,['Mc Gw'],316,No info
Theus Costa,616,UCZir0_S-7txH-YLS73jyeTQ,['Bella Angel'],518,No info
Pet & Bobii,617,UCVRDhav-IEeNd2f6Xm757Sw,['Dj Douglinhas'],265,No info
DJ ABDO,618,UCk-3J0MKsHPVWdR3Mp57Dzg,['Club Dz7'],1.32K,No info
Mc d20,619,UCNWlhBAAHqixxW3oxbWeAiw,['MC Talibã'],99,No info
Dj Gabriel Dutra,620,UCuut22MsaDuSWdL379h4A2Q,['Mc Danone'],5.17K,No info
Mc TH,621,UCz6nnKj3nqmcBdQmdDD3yTw,['DJ Zigão'],830K,No info
Mc Menor Thalis,622,UC9cTPyNt4nXAkgAEDg9_dpg,['DJ Zigão'],23,No info
DJ Biel Bolado,623,UCDl3CSzMi0rvbkhC5lhhIsw,['MC RD'],126,No info
Dj Alex BNH,624,UC__NUiQK94mobfrxZrPpj7g,['MC Renatinho Falcão'],40.1K,No info
Los Yonic's,625,UCGjrreyBiWAztUpGtnEAbTw,['Chico Che Chico'],186K,"252,198,554 views"
Sofia Macchi,626,UCw05UVFXBN5JFoGqbOsuNOA,['Chico Che Chico'],33K,No info
Chucky 73,627,UCqBydz3xCj4qX8Vds1vj_Yw,['Chimbala'],915K,No info
Mark B.,628,UCUbUtoFC6ZNYmjm0FmIhD2g,['El Alfa'],233K,No info
El Mayor Clásico,629,UCOljex2KuBSCuPszyL1qWlA,['El Alfa'],1.56M,No info
Omega El Fuerte,630,UCAJwa_1l4rHzBJyWbeBtGZw,['Mozart La Para'],318K,No info
Cj,631,UC631XbB7Y0xI2i7-76nZo2A,['El Alfa'],1.53M,"599,508,363 views"
Verbo Flow,632,UCzhO-msGj1ooP7o7XDx7PrA,['Leo RD'],115K,No info
Ceky Viciny,633,UC0ufSVMJ_86T7uDQ_VxPK9g,['Braulio Fogon'],1.5M,No info
Rosaly Rubio,634,UCbbv_ZWRCfZUbhjwdGkihyg,['Bulin 47'],1.07K,No info
